Ticker,Type
A,STOCK
AACB,STOCK
AACBR,STOCK
AACBU,STOCK
AACG,STOCK
AACI,STOCK
AACIU,STOCK
AACIW,STOCK
AAL,STOCK
AALG,STOCK
AAME,STOCK
AAOI,STOCK
AAON,STOCK
AAPG,STOCK
AAPL,STOCK
AARD,STOCK
AAUS,STOCK
ABAT,STOCK
ABBV,STOCK
ABCL,STOCK
ABEO,STOCK
ABL,STOCK
ABLLL,STOCK
ABLLW,STOCK
ABLV,STOCK
ABLVW,STOCK
ABNB,STOCK
ABOS,STOCK
ABP,STOCK
ABPWW,STOCK
ABSI,STOCK
ABT,STOCK
ABTS,STOCK
ABUS,STOCK
ABVC,STOCK
ABVE,STOCK
ABVEW,STOCK
ABVX,STOCK
ACAD,STOCK
ACB,STOCK
ACDC,STOCK
ACET,STOCK
ACFN,STOCK
ACGL,STOCK
ACGLN,STOCK
ACGLO,STOCK
ACHC,STOCK
ACHV,STOCK
ACIC,STOCK
ACIU,STOCK
ACIW,STOCK
ACLS,STOCK
ACLX,STOCK
ACMR,STOCK
ACN,STOCK
ACNB,STOCK
ACNT,STOCK
ACOG,STOCK
ACON,STOCK
ACONW,STOCK
ACRS,STOCK
ACRV,STOCK
ACT,STOCK
ACTG,STOCK
ACTU,STOCK
ACXP,STOCK
ADAG,STOCK
ADAP,STOCK
ADBE,STOCK
ADD,STOCK
ADEA,STOCK
ADGM,STOCK
ADI,STOCK
ADIL,STOCK
ADM,STOCK
ADMA,STOCK
ADN,STOCK
ADNWW,STOCK
ADP,STOCK
ADPT,STOCK
ADSE,STOCK
ADSEW,STOCK
ADSK,STOCK
ADTN,STOCK
ADTX,STOCK
ADUR,STOCK
ADUS,STOCK
ADV,STOCK
ADVB,STOCK
ADVM,STOCK
ADVWW,STOCK
ADXN,STOCK
AEBI,STOCK
AEE,STOCK
AEHL,STOCK
AEHR,STOCK
AEI,STOCK
AEIS,STOCK
AEMD,STOCK
AENT,STOCK
AENTW,STOCK
AEP,STOCK
AERT,STOCK
AERTW,STOCK
AES,STOCK
AEVA,STOCK
AEVAW,STOCK
AEYE,STOCK
AFBI,STOCK
AFCG,STOCK
AFJK,STOCK
AFJKR,STOCK
AFJKU,STOCK
AFL,STOCK
AFOS,STOCK
AFRI,STOCK
AFRIW,STOCK
AFRM,STOCK
AFYA,STOCK
AGAE,STOCK
AGEN,STOCK
AGFY,STOCK
AGH,STOCK
AGIO,STOCK
AGMH,STOCK
AGNC,STOCK
AGNCL,STOCK
AGNCM,STOCK
AGNCN,STOCK
AGNCO,STOCK
AGNCP,STOCK
AGRI,STOCK
AGYS,STOCK
AHCO,STOCK
AHG,STOCK
AIFE,STOCK
AIFER,STOCK
AIFEU,STOCK
AIFF,STOCK
AIFU,STOCK
AIG,STOCK
AIHS,STOCK
AIMD,STOCK
AIMDW,STOCK
AIOT,STOCK
AIP,STOCK
AIPO,STOCK
AIRE,STOCK
AIRG,STOCK
AIRJ,STOCK
AIRJW,STOCK
AIRO,STOCK
AIRS,STOCK
AIRT,STOCK
AIRTP,STOCK
AISP,STOCK
AISPW,STOCK
AIXI,STOCK
AIZ,STOCK
AJG,STOCK
AKAM,STOCK
AKAN,STOCK
AKBA,STOCK
AKRO,STOCK
AKTX,STOCK
ALAB,STOCK
ALAR,STOCK
ALB,STOCK
ALBT,STOCK
ALCO,STOCK
ALCY,STOCK
ALCYU,STOCK
ALCYW,STOCK
ALDF,STOCK
ALDFU,STOCK
ALDFW,STOCK
ALDX,STOCK
ALEC,STOCK
ALF,STOCK
ALFUU,STOCK
ALFUW,STOCK
ALGM,STOCK
ALGN,STOCK
ALGS,STOCK
ALGT,STOCK
ALHC,STOCK
ALKS,STOCK
ALKT,STOCK
ALL,STOCK
ALLE,STOCK
ALLO,STOCK
ALLR,STOCK
ALLT,STOCK
ALM,STOCK
ALMS,STOCK
ALMU,STOCK
ALNT,STOCK
ALNY,STOCK
ALOT,STOCK
ALRM,STOCK
ALRS,STOCK
ALT,STOCK
ALTI,STOCK
ALTO,STOCK
ALTS,STOCK
ALVO,STOCK
ALVOW,STOCK
ALXO,STOCK
ALZN,STOCK
AMAL,STOCK
AMAT,STOCK
AMBA,STOCK
AMBR,STOCK
AMCR,STOCK
AMCX,STOCK
AMD,STOCK
AME,STOCK
AMED,STOCK
AMGN,STOCK
AMIX,STOCK
AMKR,STOCK
AMLX,STOCK
AMOD,STOCK
AMODW,STOCK
AMP,STOCK
AMPG,STOCK
AMPGW,STOCK
AMPH,STOCK
AMPL,STOCK
AMRK,STOCK
AMRN,STOCK
AMRX,STOCK
AMSC,STOCK
AMSF,STOCK
AMST,STOCK
AMT,STOCK
AMTX,STOCK
AMUU,STOCK
AMWD,STOCK
AMZN,STOCK
ANAB,STOCK
ANDE,STOCK
ANEB,STOCK
ANET,STOCK
ANGH,STOCK
ANGHW,STOCK
ANGI,STOCK
ANGO,STOCK
ANIK,STOCK
ANIP,STOCK
ANIX,STOCK
ANL,STOCK
ANNA,STOCK
ANNAW,STOCK
ANNX,STOCK
ANPA,STOCK
ANSC,STOCK
ANSCU,STOCK
ANSCW,STOCK
ANTA,STOCK
ANTE,STOCK
ANTX,STOCK
ANY,STOCK
AON,STOCK
AOS,STOCK
AOSL,STOCK
AOUT,STOCK
APA,STOCK
APD,STOCK
APDN,STOCK
APEI,STOCK
APGE,STOCK
APH,STOCK
API,STOCK
APLD,STOCK
APLM,STOCK
APLMW,STOCK
APLS,STOCK
APLT,STOCK
APM,STOCK
APO,STOCK
APOG,STOCK
APP,STOCK
APPF,STOCK
APPN,STOCK
APPS,STOCK
APPX,STOCK
APRE,STOCK
APTV,STOCK
APVO,STOCK
APWC,STOCK
APYX,STOCK
AQB,STOCK
AQMS,STOCK
AQST,STOCK
ARAI,STOCK
ARAY,STOCK
ARBB,STOCK
ARBE,STOCK
ARBEW,STOCK
ARBK,STOCK
ARBKL,STOCK
ARCB,STOCK
ARCC,STOCK
ARCT,STOCK
ARDX,STOCK
ARE,STOCK
AREB,STOCK
AREBW,STOCK
AREC,STOCK
ARGX,STOCK
ARHS,STOCK
ARKO,STOCK
ARKOW,STOCK
ARKR,STOCK
ARLP,STOCK
ARM,STOCK
ARMG,STOCK
AROW,STOCK
ARQ,STOCK
ARQQ,STOCK
ARQQW,STOCK
ARQT,STOCK
ARRY,STOCK
ARTL,STOCK
ARTNA,STOCK
ARTV,STOCK
ARTW,STOCK
ARVN,STOCK
ARWR,STOCK
ASBP,STOCK
ASBPW,STOCK
ASLE,STOCK
ASMB,STOCK
ASML,STOCK
ASND,STOCK
ASNS,STOCK
ASO,STOCK
ASPC,STOCK
ASPCR,STOCK
ASPCU,STOCK
ASPI,STOCK
ASPS,STOCK
ASPSW,STOCK
ASPSZ,STOCK
ASRT,STOCK
ASRV,STOCK
ASST,STOCK
ASTC,STOCK
ASTE,STOCK
ASTH,STOCK
ASTI,STOCK
ASTL,STOCK
ASTLW,STOCK
ASTS,STOCK
ASUR,STOCK
ASYS,STOCK
ATAI,STOCK
ATAT,STOCK
ATEC,STOCK
ATER,STOCK
ATEX,STOCK
ATGL,STOCK
ATHA,STOCK
ATHE,STOCK
ATHR,STOCK
ATII,STOCK
ATIIU,STOCK
ATIIW,STOCK
ATLC,STOCK
ATLCL,STOCK
ATLCP,STOCK
ATLCZ,STOCK
ATLN,STOCK
ATLO,STOCK
ATLX,STOCK
ATMC,STOCK
ATMCR,STOCK
ATMCU,STOCK
ATMCW,STOCK
ATMV,STOCK
ATMVR,STOCK
ATMVU,STOCK
ATNF,STOCK
ATNFW,STOCK
ATNI,STOCK
ATO,STOCK
ATOM,STOCK
ATOS,STOCK
ATPC,STOCK
ATRA,STOCK
ATRC,STOCK
ATRO,STOCK
ATXG,STOCK
ATXS,STOCK
ATYR,STOCK
AUBN,STOCK
AUDC,STOCK
AUGO,STOCK
AUID,STOCK
AUPH,STOCK
AUR,STOCK
AURA,STOCK
AUROW,STOCK
AUTL,STOCK
AUUD,STOCK
AUUDW,STOCK
AVAH,STOCK
AVAV,STOCK
AVB,STOCK
AVBP,STOCK
AVDL,STOCK
AVDX,STOCK
AVGO,STOCK
AVGU,STOCK
AVIR,STOCK
AVL,STOCK
AVNW,STOCK
AVO,STOCK
AVPT,STOCK
AVR,STOCK
AVT,STOCK
AVTX,STOCK
AVXL,STOCK
AVY,STOCK
AWK,STOCK
AWRE,STOCK
AXGN,STOCK
AXINU,STOCK
AXON,STOCK
AXP,STOCK
AXSM,STOCK
AXTI,STOCK
AYRO,STOCK
AYTU,STOCK
AZ,STOCK
AZI,STOCK
AZN,STOCK
AZO,STOCK
AZTA,STOCK
BA,STOCK
BAC,STOCK
BACCU,STOCK
BACQ,STOCK
BACQR,STOCK
BACQU,STOCK
BAER,STOCK
BAERW,STOCK
BAFN,STOCK
BALL,STOCK
BAND,STOCK
BANF,STOCK
BANFP,STOCK
BANL,STOCK
BANR,STOCK
BANX,STOCK
BAOS,STOCK
BASE,STOCK
BASG,STOCK
BATRA,STOCK
BATRK,STOCK
BAX,STOCK
BAYA,STOCK
BAYAR,STOCK
BAYAU,STOCK
BBCP,STOCK
BBGI,STOCK
BBIO,STOCK
BBLG,STOCK
BBLGW,STOCK
BBNX,STOCK
BBSI,STOCK
BBY,STOCK
BCAB,STOCK
BCAL,STOCK
BCAX,STOCK
BCBP,STOCK
BCDA,STOCK
BCG,STOCK
BCGWW,STOCK
BCML,STOCK
BCPC,STOCK
BCRX,STOCK
BCTX,STOCK
BCTXW,STOCK
BCTXZ,STOCK
BCYC,STOCK
BDMD,STOCK
BDMDW,STOCK
BDRX,STOCK
BDSX,STOCK
BDTX,STOCK
BDX,STOCK
BEAG,STOCK
BEAGR,STOCK
BEAGU,STOCK
BEAM,STOCK
BEAT,STOCK
BEATW,STOCK
BEEM,STOCK
BEEP,STOCK
BELFA,STOCK
BELFB,STOCK
BEN,STOCK
BENF,STOCK
BENFW,STOCK
BETR,STOCK
BETRW,STOCK
BF-B,STOCK
BFC,STOCK
BFIN,STOCK
BFRG,STOCK
BFRGW,STOCK
BFRI,STOCK
BFRIW,STOCK
BFST,STOCK
BG,STOCK
BGC,STOCK
BGFV,STOCK
BGL,STOCK
BGLC,STOCK
BGLWW,STOCK
BGM,STOCK
BHAT,STOCK
BHF,STOCK
BHFAL,STOCK
BHFAM,STOCK
BHFAN,STOCK
BHFAO,STOCK
BHFAP,STOCK
BHRB,STOCK
BHST,STOCK
BIAF,STOCK
BIAFW,STOCK
BIDU,STOCK
BIGC,STOCK
BIIB,STOCK
BILI,STOCK
BIOA,STOCK
BIOX,STOCK
BIRD,STOCK
BITF,STOCK
BIVI,STOCK
BIYA,STOCK
BJDX,STOCK
BJRI,STOCK
BK,STOCK
BKHA,STOCK
BKHAR,STOCK
BKHAU,STOCK
BKNG,STOCK
BKR,STOCK
BKYI,STOCK
BL,STOCK
BLBD,STOCK
BLBX,STOCK
BLDE,STOCK
BLDEW,STOCK
BLDP,STOCK
BLDR,STOCK
BLFS,STOCK
BLFY,STOCK
BLIN,STOCK
BLIV,STOCK
BLK,STOCK
BLKB,STOCK
BLMN,STOCK
BLMZ,STOCK
BLNE,STOCK
BLNK,STOCK
BLRX,STOCK
BLTE,STOCK
BLUWU,STOCK
BLZE,STOCK
BMBL,STOCK
BMEA,STOCK
BMGL,STOCK
BMHL,STOCK
BMR,STOCK
BMRA,STOCK
BMRC,STOCK
BMRN,STOCK
BMY,STOCK
BNAI,STOCK
BNAIW,STOCK
BNGO,STOCK
BNR,STOCK
BNRG,STOCK
BNTC,STOCK
BNTX,STOCK
BNZI,STOCK
BNZIW,STOCK
BOEG,STOCK
BOF,STOCK
BOKF,STOCK
BOLD,STOCK
BOLT,STOCK
BON,STOCK
BOOM,STOCK
BOSC,STOCK
BOTJ,STOCK
BOWN,STOCK
BOWNR,STOCK
BOWNU,STOCK
BOXL,STOCK
BPOP,STOCK
BPOPM,STOCK
BPRN,STOCK
BPYPM,STOCK
BPYPN,STOCK
BPYPO,STOCK
BPYPP,STOCK
BR,STOCK
BRAG,STOCK
BREA,STOCK
BRFH,STOCK
BRID,STOCK
BRK-B,STOCK
BRKL,STOCK
BRKR,STOCK
BRKU,STOCK
BRLS,STOCK
BRLSW,STOCK
BRLT,STOCK
BRNS,STOCK
BRO,STOCK
BRTX,STOCK
BRY,STOCK
BRZE,STOCK
BSAAU,STOCK
BSBK,STOCK
BSCZ,STOCK
BSET,STOCK
BSGM,STOCK
BSLK,STOCK
BSLKW,STOCK
BSRR,STOCK
BSVN,STOCK
BSX,STOCK
BSY,STOCK
BTAI,STOCK
BTBD,STOCK
BTBDW,STOCK
BTBT,STOCK
BTCS,STOCK
BTCT,STOCK
BTDR,STOCK
BTM,STOCK
BTMD,STOCK
BTMWW,STOCK
BTOC,STOCK
BTOG,STOCK
BTSG,STOCK
BTSGU,STOCK
BULL,STOCK
BULLW,STOCK
BUSE,STOCK
BUSEP,STOCK
BVFL,STOCK
BVS,STOCK
BWAY,STOCK
BWB,STOCK
BWBBP,STOCK
BWEN,STOCK
BWFG,STOCK
BWIN,STOCK
BWMN,STOCK
BX,STOCK
BXP,STOCK
BYFC,STOCK
BYND,STOCK
BYRN,STOCK
BYSI,STOCK
BZ,STOCK
BZAI,STOCK
BZAIW,STOCK
BZFD,STOCK
BZFDW,STOCK
BZUN,STOCK
C,STOCK
CAAS,STOCK
CABA,STOCK
CAC,STOCK
CACC,STOCK
CADL,STOCK
CAEP,STOCK
CAG,STOCK
CAH,STOCK
CAI,STOCK
CAKE,STOCK
CALC,STOCK
CALM,STOCK
CAMP,STOCK
CAMT,STOCK
CAN,STOCK
CAPN,STOCK
CAPNR,STOCK
CAPNU,STOCK
CAPR,STOCK
CAPS,STOCK
CAPT,STOCK
CAPTW,STOCK
CAR,STOCK
CARE,STOCK
CARG,STOCK
CARL,STOCK
CARM,STOCK
CARR,STOCK
CART,STOCK
CARV,STOCK
CASH,STOCK
CASI,STOCK
CASK,STOCK
CASS,STOCK
CASY,STOCK
CAT,STOCK
CATY,STOCK
CB,STOCK
CBAT,STOCK
CBFV,STOCK
CBIO,STOCK
CBLL,STOCK
CBNK,STOCK
CBOE,STOCK
CBRE,STOCK
CBRL,STOCK
CBSH,STOCK
CBUS,STOCK
CCAP,STOCK
CCB,STOCK
CCBG,STOCK
CCCC,STOCK
CCCM,STOCK
CCCMU,STOCK
CCCMW,STOCK
CCCS,STOCK
CCCX,STOCK
CCCXU,STOCK
CCCXW,STOCK
CCD,STOCK
CCEC,STOCK
CCEP,STOCK
CCFE,STOCK
CCG,STOCK
CCGWW,STOCK
CCI,STOCK
CCIIU,STOCK
CCIR,STOCK
CCIRU,STOCK
CCIRW,STOCK
CCIX,STOCK
CCIXU,STOCK
CCIXW,STOCK
CCL,STOCK
CCLD,STOCK
CCLDO,STOCK
CCNE,STOCK
CCNEP,STOCK
CCOI,STOCK
CCRN,STOCK
CCSI,STOCK
CCTG,STOCK
CDIO,STOCK
CDIOW,STOCK
CDLX,STOCK
CDNA,STOCK
CDNS,STOCK
CDRO,STOCK
CDROW,STOCK
CDT,STOCK
CDTG,STOCK
CDTTW,STOCK
CDTX,STOCK
CDW,STOCK
CDXS,STOCK
CDZI,STOCK
CDZIP,STOCK
CECO,STOCK
CEG,STOCK
CELC,STOCK
CELH,STOCK
CELU,STOCK
CELUW,STOCK
CELZ,STOCK
CENN,STOCK
CENT,STOCK
CENTA,STOCK
CENX,STOCK
CEP,STOCK
CEPO,STOCK
CEPT,STOCK
CERO,STOCK
CEROW,STOCK
CERS,STOCK
CERT,STOCK
CETX,STOCK
CETY,STOCK
CEVA,STOCK
CF,STOCK
CFBK,STOCK
CFFI,STOCK
CFFN,STOCK
CFG,STOCK
CFLT,STOCK
CFSB,STOCK
CG,STOCK
CGABL,STOCK
CGBD,STOCK
CGBDL,STOCK
CGC,STOCK
CGCT,STOCK
CGCTU,STOCK
CGCTW,STOCK
CGEM,STOCK
CGEN,STOCK
CGNT,STOCK
CGNX,STOCK
CGO,STOCK
CGON,STOCK
CGTL,STOCK
CGTX,STOCK
CHA,STOCK
CHAC,STOCK
CHACR,STOCK
CHACU,STOCK
CHAR,STOCK
CHARR,STOCK
CHARU,STOCK
CHCI,STOCK
CHCO,STOCK
CHD,STOCK
CHDN,STOCK
CHEF,STOCK
CHEK,STOCK
CHI,STOCK
CHKP,STOCK
CHMG,STOCK
CHNR,STOCK
CHPG,STOCK
CHPGR,STOCK
CHPGU,STOCK
CHR,STOCK
CHRD,STOCK
CHRS,STOCK
CHRW,STOCK
CHSCL,STOCK
CHSCM,STOCK
CHSCN,STOCK
CHSCO,STOCK
CHSCP,STOCK
CHSN,STOCK
CHTR,STOCK
CHW,STOCK
CHY,STOCK
CHYM,STOCK
CI,STOCK
CIFR,STOCK
CIFRW,STOCK
CIGI,STOCK
CIGL,STOCK
CIIT,STOCK
CINF,STOCK
CING,STOCK
CINGW,STOCK
CISO,STOCK
CISS,STOCK
CIVB,STOCK
CJET,STOCK
CJMB,STOCK
CL,STOCK
CLAR,STOCK
CLBK,STOCK
CLBT,STOCK
CLDX,STOCK
CLFD,STOCK
CLGN,STOCK
CLIK,STOCK
CLIR,STOCK
CLLS,STOCK
CLMB,STOCK
CLMT,STOCK
CLNE,STOCK
CLNN,STOCK
CLNNW,STOCK
CLOV,STOCK
CLPS,STOCK
CLPT,STOCK
CLRB,STOCK
CLRO,STOCK
CLSD,STOCK
CLSK,STOCK
CLSKW,STOCK
CLST,STOCK
CLWT,STOCK
CLX,STOCK
CLYM,STOCK
CMBM,STOCK
CMCO,STOCK
CMCSA,STOCK
CMCT,STOCK
CME,STOCK
CMG,STOCK
CMI,STOCK
CMMB,STOCK
CMND,STOCK
CMPO,STOCK
CMPOW,STOCK
CMPR,STOCK
CMPS,STOCK
CMPX,STOCK
CMS,STOCK
CMTL,STOCK
CNC,STOCK
CNCK,STOCK
CNCKW,STOCK
CNDT,STOCK
CNET,STOCK
CNEY,STOCK
CNFR,STOCK
CNFRZ,STOCK
CNOB,STOCK
CNOBP,STOCK
CNP,STOCK
CNSP,STOCK
CNTA,STOCK
CNTB,STOCK
CNTX,STOCK
CNTY,STOCK
CNVS,STOCK
CNXC,STOCK
CNXN,STOCK
COCH,STOCK
COCHW,STOCK
COCO,STOCK
COCP,STOCK
CODA,STOCK
CODX,STOCK
COEP,STOCK
COEPW,STOCK
COF,STOCK
COFS,STOCK
COGT,STOCK
COHU,STOCK
COIN,STOCK
COKE,STOCK
COLA,STOCK
COLAR,STOCK
COLAU,STOCK
COLB,STOCK
COLL,STOCK
COLM,STOCK
COMM,STOCK
CONI,STOCK
COO,STOCK
COOP,STOCK
COOT,STOCK
COOTW,STOCK
COP,STOCK
COR,STOCK
CORT,STOCK
CORZ,STOCK
CORZW,STOCK
CORZZ,STOCK
COSM,STOCK
COST,STOCK
COYA,STOCK
CPAY,STOCK
CPB,STOCK
CPBI,STOCK
CPHC,STOCK
CPIX,STOCK
CPOP,STOCK
CPRT,STOCK
CPRX,STOCK
CPSH,STOCK
CPSS,STOCK
CPT,STOCK
CPZ,STOCK
CRAI,STOCK
CRAQ,STOCK
CRAQR,STOCK
CRAQU,STOCK
CRBP,STOCK
CRBU,STOCK
CRCT,STOCK
CRDF,STOCK
CRDL,STOCK
CRDO,STOCK
CRE,STOCK
CREG,STOCK
CRESW,STOCK
CRESY,STOCK
CREV,STOCK
CREVW,STOCK
CREX,STOCK
CRGO,STOCK
CRGOW,STOCK
CRGX,STOCK
CRIS,STOCK
CRL,STOCK
CRM,STOCK
CRMD,STOCK
CRML,STOCK
CRMLW,STOCK
CRMT,STOCK
CRNC,STOCK
CRNT,STOCK
CRNX,STOCK
CRON,STOCK
CROX,STOCK
CRSP,STOCK
CRSR,STOCK
CRTO,STOCK
CRUS,STOCK
CRVL,STOCK
CRVO,STOCK
CRVS,STOCK
CRWD,STOCK
CRWS,STOCK
CRWV,STOCK
CSAI,STOCK
CSBR,STOCK
CSCI,STOCK
CSCL,STOCK
CSCO,STOCK
CSGP,STOCK
CSGS,STOCK
CSIQ,STOCK
CSPI,STOCK
CSQ,STOCK
CSTE,STOCK
CSTL,STOCK
CSWC,STOCK
CSWCZ,STOCK
CSX,STOCK
CTAS,STOCK
CTBI,STOCK
CTKB,STOCK
CTLP,STOCK
CTMX,STOCK
CTNM,STOCK
CTNT,STOCK
CTOR,STOCK
CTRA,STOCK
CTRM,STOCK
CTRN,STOCK
CTSH,STOCK
CTSO,STOCK
CTVA,STOCK
CTXR,STOCK
CUB,STOCK
CUBWU,STOCK
CUBWW,STOCK
CUE,STOCK
CUPR,STOCK
CURI,STOCK
CURIW,STOCK
CURR,STOCK
CV,STOCK
CVAC,STOCK
CVBF,STOCK
CVCO,STOCK
CVGI,STOCK
CVGW,STOCK
CVKD,STOCK
CVLT,STOCK
CVRX,STOCK
CVS,STOCK
CVV,STOCK
CVX,STOCK
CWBC,STOCK
CWCO,STOCK
CWD,STOCK
CWST,STOCK
CXAI,STOCK
CXAIW,STOCK
CXDO,STOCK
CYBR,STOCK
CYCC,STOCK
CYCCP,STOCK
CYCN,STOCK
CYCU,STOCK
CYCUW,STOCK
CYN,STOCK
CYRX,STOCK
CYTK,STOCK
CZFS,STOCK
CZNC,STOCK
CZR,STOCK
CZWI,STOCK
D,STOCK
DAAQ,STOCK
DAAQU,STOCK
DAAQW,STOCK
DAIC,STOCK
DAICW,STOCK
DAIO,STOCK
DAKT,STOCK
DAL,STOCK
DALN,STOCK
DARE,STOCK
DASH,STOCK
DATS,STOCK
DATSW,STOCK
DAVE,STOCK
DAVEW,STOCK
DAWN,STOCK
DAY,STOCK
DBVT,STOCK
DBX,STOCK
DCBO,STOCK
DCGO,STOCK
DCOM,STOCK
DCOMG,STOCK
DCOMP,STOCK
DCTH,STOCK
DD,STOCK
DDI,STOCK
DDOG,STOCK
DE,STOCK
DECK,STOCK
DEFT,STOCK
DELL,STOCK
DENN,STOCK
DERM,STOCK
DEVS,STOCK
DFDV,STOCK
DFLI,STOCK
DFLIW,STOCK
DFSC,STOCK
DFSCW,STOCK
DG,STOCK
DGICA,STOCK
DGICB,STOCK
DGII,STOCK
DGLY,STOCK
DGNX,STOCK
DGX,STOCK
DGXX,STOCK
DH,STOCK
DHAI,STOCK
DHAIW,STOCK
DHC,STOCK
DHCNI,STOCK
DHCNL,STOCK
DHI,STOCK
DHIL,STOCK
DHR,STOCK
DIBS,STOCK
DIOD,STOCK
DIS,STOCK
DJCO,STOCK
DJT,STOCK
DJTWW,STOCK
DKNG,STOCK
DLHC,STOCK
DLO,STOCK
DLPN,STOCK
DLR,STOCK
DLTH,STOCK
DLTR,STOCK
DLXY,STOCK
DMAA,STOCK
DMAAR,STOCK
DMAAU,STOCK
DMAC,STOCK
DMLP,STOCK
DMRC,STOCK
DNLI,STOCK
DNTH,STOCK
DNUT,STOCK
DOC,STOCK
DOCU,STOCK
DOGZ,STOCK
DOMH,STOCK
DOMO,STOCK
DOOO,STOCK
DORM,STOCK
DOV,STOCK
DOW,STOCK
DOX,STOCK
DOYU,STOCK
DPRO,STOCK
DPZ,STOCK
DRCT,STOCK
DRDB,STOCK
DRDBU,STOCK
DRDBW,STOCK
DRI,STOCK
DRIO,STOCK
DRMA,STOCK
DRMAW,STOCK
DRRX,STOCK
DRS,STOCK
DRTS,STOCK
DRTSW,STOCK
DRUG,STOCK
DRVN,STOCK
DSGN,STOCK
DSGR,STOCK
DSGX,STOCK
DSP,STOCK
DSWL,STOCK
DSY,STOCK
DSYWW,STOCK
DTCK,STOCK
DTE,STOCK
DTI,STOCK
DTIL,STOCK
DTSQ,STOCK
DTSQR,STOCK
DTSQU,STOCK
DTSS,STOCK
DTST,STOCK
DTSTW,STOCK
DUK,STOCK
DUO,STOCK
DUOL,STOCK
DUOT,STOCK
DVA,STOCK
DVAX,STOCK
DVIN,STOCK
DVLT,STOCK
DVN,STOCK
DVRE,STOCK
DVUT,STOCK
DVXB,STOCK
DVXC,STOCK
DVXE,STOCK
DVXF,STOCK
DVXK,STOCK
DVXP,STOCK
DVXV,STOCK
DVXY,STOCK
DWSN,STOCK
DWTX,STOCK
DXCM,STOCK
DXLG,STOCK
DXPE,STOCK
DXR,STOCK
DXST,STOCK
DYAI,STOCK
DYCQ,STOCK
DYCQR,STOCK
DYCQU,STOCK
DYN,STOCK
DYNX,STOCK
DYNXU,STOCK
DYNXW,STOCK
EA,STOCK
EBAY,STOCK
EBC,STOCK
EBMT,STOCK
EBON,STOCK
ECBK,STOCK
ECDA,STOCK
ECDAW,STOCK
ECL,STOCK
ECOR,STOCK
ECPG,STOCK
ECX,STOCK
ECXWW,STOCK
ED,STOCK
EDAP,STOCK
EDBL,STOCK
EDBLW,STOCK
EDHL,STOCK
EDIT,STOCK
EDRY,STOCK
EDSA,STOCK
EDTK,STOCK
EDUC,STOCK
EEFT,STOCK
EEIQ,STOCK
EFOI,STOCK
EFSC,STOCK
EFSCP,STOCK
EFSI,STOCK
EFX,STOCK
EG,STOCK
EGAN,STOCK
EGBN,STOCK
EGHA,STOCK
EGHAR,STOCK
EGHAU,STOCK
EGHT,STOCK
EH,STOCK
EHGO,STOCK
EHLD,STOCK
EHTH,STOCK
EIX,STOCK
EJH,STOCK
EKSO,STOCK
EL,STOCK
ELAB,STOCK
ELBM,STOCK
ELDN,STOCK
ELPW,STOCK
ELSE,STOCK
ELTK,STOCK
ELTX,STOCK
ELUT,STOCK
ELV,STOCK
ELVA,STOCK
ELVN,STOCK
ELWS,STOCK
EM,STOCK
EMBC,STOCK
EMCG,STOCK
EMCGR,STOCK
EMCGU,STOCK
EMCGW,STOCK
EML,STOCK
EMN,STOCK
EMPG,STOCK
EMR,STOCK
ENGN,STOCK
ENGNW,STOCK
ENGS,STOCK
ENLT,STOCK
ENLV,STOCK
ENPH,STOCK
ENSC,STOCK
ENSG,STOCK
ENTA,STOCK
ENTG,STOCK
ENTO,STOCK
ENTX,STOCK
ENVB,STOCK
ENVX,STOCK
ENVXW,STOCK
EOG,STOCK
EOLS,STOCK
EOSE,STOCK
EOSEW,STOCK
EPAM,STOCK
EPIX,STOCK
EPOW,STOCK
EPRX,STOCK
EPSM,STOCK
EPSN,STOCK
EPWK,STOCK
EQ,STOCK
EQIX,STOCK
EQR,STOCK
EQT,STOCK
ERAS,STOCK
ERIC,STOCK
ERIE,STOCK
ERII,STOCK
ERNA,STOCK
ES,STOCK
ESCA,STOCK
ESEA,STOCK
ESGL,STOCK
ESGLW,STOCK
ESHA,STOCK
ESHAR,STOCK
ESLA,STOCK
ESLAW,STOCK
ESLT,STOCK
ESOA,STOCK
ESPR,STOCK
ESQ,STOCK
ESS,STOCK
ESTA,STOCK
ETN,STOCK
ETNB,STOCK
ETON,STOCK
ETOR,STOCK
ETR,STOCK
ETSY,STOCK
EU,STOCK
EUDA,STOCK
EUDAW,STOCK
EURK,STOCK
EURKR,STOCK
EURKU,STOCK
EVAX,STOCK
EVCM,STOCK
EVER,STOCK
EVGN,STOCK
EVGO,STOCK
EVGOW,STOCK
EVLV,STOCK
EVLVW,STOCK
EVO,STOCK
EVOK,STOCK
EVRG,STOCK
EVTV,STOCK
EW,STOCK
EWBC,STOCK
EWCZ,STOCK
EWTX,STOCK
EXAS,STOCK
EXC,STOCK
EXE,STOCK
EXEEL,STOCK
EXEEW,STOCK
EXEEZ,STOCK
EXEL,STOCK
EXFY,STOCK
EXLS,STOCK
EXOZ,STOCK
EXPD,STOCK
EXPE,STOCK
EXPI,STOCK
EXPO,STOCK
EXR,STOCK
EXTR,STOCK
EXUS,STOCK
EYE,STOCK
EYPT,STOCK
EZGO,STOCK
EZPW,STOCK
F,STOCK
FA,STOCK
FAAS,STOCK
FAASW,STOCK
FACT,STOCK
FACTU,STOCK
FACTW,STOCK
FAMI,STOCK
FANG,STOCK
FARM,STOCK
FAST,STOCK
FAT,STOCK
FATBB,STOCK
FATBP,STOCK
FATE,STOCK
FATN,STOCK
FBGL,STOCK
FBIO,STOCK
FBIOP,STOCK
FBIZ,STOCK
FBLA,STOCK
FBLG,STOCK
FBNC,STOCK
FBRX,STOCK
FBYD,STOCK
FBYDW,STOCK
FCAP,STOCK
FCBC,STOCK
FCCO,STOCK
FCEL,STOCK
FCFS,STOCK
FCNCA,STOCK
FCNCO,STOCK
FCNCP,STOCK
FCUV,STOCK
FCX,STOCK
FDBC,STOCK
FDMT,STOCK
FDS,STOCK
FDSB,STOCK
FDUS,STOCK
FDX,STOCK
FE,STOCK
FEAM,STOCK
FEBO,STOCK
FEIM,STOCK
FELE,STOCK
FEMY,STOCK
FENC,STOCK
FER,STOCK
FERA,STOCK
FERAR,STOCK
FERAU,STOCK
FFAI,STOCK
FFAIW,STOCK
FFBC,STOCK
FFIC,STOCK
FFIN,STOCK
FFIV,STOCK
FGBI,STOCK
FGBIP,STOCK
FGEN,STOCK
FGF,STOCK
FGFPP,STOCK
FGI,STOCK
FGIWW,STOCK
FGL,STOCK
FGMC,STOCK
FGMCR,STOCK
FGMCU,STOCK
FHB,STOCK
FHTX,STOCK
FI,STOCK
FIBK,STOCK
FICO,STOCK
FIEE,STOCK
FIGXU,STOCK
FINW,STOCK
FIP,STOCK
FIS,STOCK
FISI,STOCK
FITB,STOCK
FITBI,STOCK
FITBO,STOCK
FITBP,STOCK
FIVE,STOCK
FIVN,STOCK
FIZZ,STOCK
FKWL,STOCK
FLD,STOCK
FLDDW,STOCK
FLEX,STOCK
FLGC,STOCK
FLGT,STOCK
FLL,STOCK
FLNC,STOCK
FLNT,STOCK
FLUX,STOCK
FLWS,STOCK
FLX,STOCK
FLXS,STOCK
FLYE,STOCK
FLYW,STOCK
FMAO,STOCK
FMBH,STOCK
FMFC,STOCK
FMNB,STOCK
FMST,STOCK
FMSTW,STOCK
FNGR,STOCK
FNKO,STOCK
FNLC,STOCK
FNWB,STOCK
FNWD,STOCK
FOLD,STOCK
FONR,STOCK
FORA,STOCK
FORD,STOCK
FORL,STOCK
FORLU,STOCK
FORLW,STOCK
FORM,STOCK
FORR,STOCK
FORTY,STOCK
FOSL,STOCK
FOSLL,STOCK
FOX,STOCK
FOXA,STOCK
FOXF,STOCK
FOXX,STOCK
FOXXW,STOCK
FPAY,STOCK
FRAF,STOCK
FRBA,STOCK
FRD,STOCK
FRDD,STOCK
FRDU,STOCK
FRGT,STOCK
FRHC,STOCK
FRME,STOCK
FRMEP,STOCK
FROG,STOCK
FRPH,STOCK
FRPT,STOCK
FRSH,STOCK
FRST,STOCK
FRSX,STOCK
FRT,STOCK
FSBC,STOCK
FSBW,STOCK
FSEA,STOCK
FSFG,STOCK
FSHP,STOCK
FSHPR,STOCK
FSHPU,STOCK
FSLR,STOCK
FSTR,STOCK
FSUN,STOCK
FSV,STOCK
FTAI,STOCK
FTAIM,STOCK
FTAIN,STOCK
FTCI,STOCK
FTDR,STOCK
FTEK,STOCK
FTEL,STOCK
FTFT,STOCK
FTHM,STOCK
FTLF,STOCK
FTNT,STOCK
FTRE,STOCK
FTRK,STOCK
FTV,STOCK
FUFU,STOCK
FUFUW,STOCK
FULC,STOCK
FULT,STOCK
FULTP,STOCK
FUNC,STOCK
FUND,STOCK
FUSB,STOCK
FUTU,STOCK
FVCB,STOCK
FVN,STOCK
FVNNR,STOCK
FVNNU,STOCK
FWONA,STOCK
FWONK,STOCK
FWRD,STOCK
FWRG,STOCK
FXNC,STOCK
FYBR,STOCK
GABC,STOCK
GAIA,STOCK
GAIN,STOCK
GAINI,STOCK
GAINL,STOCK
GAINN,STOCK
GAINZ,STOCK
GALT,STOCK
GAMB,STOCK
GAME,STOCK
GANX,STOCK
GASS,STOCK
GAUZ,STOCK
GBDC,STOCK
GBFH,STOCK
GBIO,STOCK
GCBC,STOCK
GCL,STOCK
GCLWW,STOCK
GCMG,STOCK
GCMGW,STOCK
GCT,STOCK
GCTK,STOCK
GD,STOCK
GDC,STOCK
GDDY,STOCK
GDEN,STOCK
GDEV,STOCK
GDEVW,STOCK
GDHG,STOCK
GDRX,STOCK
GDS,STOCK
GDTC,STOCK
GDYN,STOCK
GE,STOCK
GECC,STOCK
GECCH,STOCK
GECCI,STOCK
GECCO,STOCK
GECCZ,STOCK
GEG,STOCK
GEGGL,STOCK
GEHC,STOCK
GELS,STOCK
GEN,STOCK
GENK,STOCK
GENVR,STOCK
GEOS,STOCK
GERN,STOCK
GEV,STOCK
GEVO,STOCK
GFAI,STOCK
GFAIW,STOCK
GFS,STOCK
GGAL,STOCK
GGR,STOCK
GGROW,STOCK
GH,STOCK
GHRS,STOCK
GIBO,STOCK
GIBOW,STOCK
GIFI,STOCK
GIFT,STOCK
GIG,STOCK
GIGGU,STOCK
GIGGW,STOCK
GIGM,STOCK
GIII,STOCK
GILD,STOCK
GILT,STOCK
GIPR,STOCK
GIPRW,STOCK
GIS,STOCK
GITS,STOCK
GL,STOCK
GLAD,STOCK
GLADZ,STOCK
GLBE,STOCK
GLBS,STOCK
GLBZ,STOCK
GLDD,STOCK
GLE,STOCK
GLIBA,STOCK
GLIBK,STOCK
GLMD,STOCK
GLNG,STOCK
GLPG,STOCK
GLPI,STOCK
GLRE,STOCK
GLSI,STOCK
GLTO,STOCK
GLUE,STOCK
GLW,STOCK
GLXG,STOCK
GLXY,STOCK
GM,STOCK
GMAB,STOCK
GMGI,STOCK
GMHS,STOCK
GMM,STOCK
GNFT,STOCK
GNLN,STOCK
GNLX,STOCK
GNPX,STOCK
GNRC,STOCK
GNSS,STOCK
GNTA,STOCK
GNTX,STOCK
GO,STOCK
GOCO,STOCK
GOGL,STOCK
GOGO,STOCK
GOOD,STOCK
GOODN,STOCK
GOODO,STOCK
GOOG,STOCK
GOOGL,STOCK
GORV,STOCK
GOSS,STOCK
GOVX,STOCK
GOVXW,STOCK
GP,STOCK
GPAT,STOCK
GPATU,STOCK
GPATW,STOCK
GPC,STOCK
GPCR,STOCK
GPN,STOCK
GPRE,STOCK
GPRO,STOCK
GRAB,STOCK
GRABW,STOCK
GRAL,STOCK
GRAN,STOCK
GRCE,STOCK
GREE,STOCK
GREEL,STOCK
GRFS,STOCK
GRI,STOCK
GRIN,STOCK
GRMN,STOCK
GRNQ,STOCK
GROW,STOCK
GRPN,STOCK
GRRR,STOCK
GRRRW,STOCK
GRVY,STOCK
GRWG,STOCK
GRYP,STOCK
GS,STOCK
GSAT,STOCK
GSBC,STOCK
GSHD,STOCK
GSHR,STOCK
GSHRU,STOCK
GSHRW,STOCK
GSIT,STOCK
GSIW,STOCK
GSM,STOCK
GSRT,STOCK
GSRTR,STOCK
GSRTU,STOCK
GSUN,STOCK
GT,STOCK
GTBP,STOCK
GTEC,STOCK
GTEN,STOCK
GTENU,STOCK
GTENW,STOCK
GTERA,STOCK
GTERR,STOCK
GTERU,STOCK
GTERW,STOCK
GTI,STOCK
GTIM,STOCK
GTLB,STOCK
GTM,STOCK
GTX,STOCK
GURE,STOCK
GUTS,STOCK
GV,STOCK
GVH,STOCK
GWAV,STOCK
GWRS,STOCK
GWW,STOCK
GXAI,STOCK
GYRE,STOCK
GYRO,STOCK
HAFC,STOCK
HAIN,STOCK
HAL,STOCK
HALO,STOCK
HAO,STOCK
HAS,STOCK
HBAN,STOCK
HBANL,STOCK
HBANM,STOCK
HBANP,STOCK
HBCP,STOCK
HBDC,STOCK
HBIO,STOCK
HBNB,STOCK
HBNC,STOCK
HBT,STOCK
HCA,STOCK
HCAI,STOCK
HCAT,STOCK
HCHL,STOCK
HCKT,STOCK
HCM,STOCK
HCSG,STOCK
HCTI,STOCK
HCWB,STOCK
HD,STOCK
HDL,STOCK
HDSN,STOCK
HELE,STOCK
HEPS,STOCK
HERZ,STOCK
HFBL,STOCK
HFFG,STOCK
HFWA,STOCK
HGBL,STOCK
HHS,STOCK
HIFS,STOCK
HIG,STOCK
HIHO,STOCK
HII,STOCK
HIMX,STOCK
HIT,STOCK
HITI,STOCK
HIVE,STOCK
HKIT,STOCK
HKPD,STOCK
HLIT,STOCK
HLMN,STOCK
HLNE,STOCK
HLP,STOCK
HLT,STOCK
HLVX,STOCK
HLXB,STOCK
HMR,STOCK
HMST,STOCK
HNNA,STOCK
HNNAZ,STOCK
HNRG,STOCK
HNST,STOCK
HNVR,STOCK
HOFT,STOCK
HOLO,STOCK
HOLOW,STOCK
HOLX,STOCK
HON,STOCK
HOND,STOCK
HONDU,STOCK
HONDW,STOCK
HONE,STOCK
HOOD,STOCK
HOOK,STOCK
HOPE,STOCK
HOTH,STOCK
HOUR,STOCK
HOVNP,STOCK
HOVR,STOCK
HOVRW,STOCK
HOWL,STOCK
HPAI,STOCK
HPAIW,STOCK
HPE,STOCK
HPK,STOCK
HPKEW,STOCK
HPQ,STOCK
HQI,STOCK
HQY,STOCK
HRL,STOCK
HRMY,STOCK
HROW,STOCK
HROWL,STOCK
HROWM,STOCK
HRTX,STOCK
HRZN,STOCK
HSAI,STOCK
HSCS,STOCK
HSCSW,STOCK
HSDT,STOCK
HSIC,STOCK
HSII,STOCK
HSON,STOCK
HSPO,STOCK
HSPOR,STOCK
HSPOU,STOCK
HSPOW,STOCK
HSPT,STOCK
HSPTR,STOCK
HSPTU,STOCK
HST,STOCK
HSTM,STOCK
HSY,STOCK
HTBK,STOCK
HTCO,STOCK
HTCR,STOCK
HTHT,STOCK
HTLD,STOCK
HTLM,STOCK
HTO,STOCK
HTOO,STOCK
HTOOW,STOCK
HTZ,STOCK
HTZWW,STOCK
HUBB,STOCK
HUBC,STOCK
HUBCW,STOCK
HUBCZ,STOCK
HUBG,STOCK
HUDI,STOCK
HUHU,STOCK
HUIZ,STOCK
HUM,STOCK
HUMA,STOCK
HUMAW,STOCK
HURA,STOCK
HURC,STOCK
HURN,STOCK
HUT,STOCK
HVII,STOCK
HVIIR,STOCK
HVIIU,STOCK
HWBK,STOCK
HWC,STOCK
HWCPZ,STOCK
HWH,STOCK
HWKN,STOCK
HWM,STOCK
HXHX,STOCK
HYFM,STOCK
HYMC,STOCK
HYMCL,STOCK
HYPD,STOCK
HYPR,STOCK
IAC,STOCK
IART,STOCK
IAS,STOCK
IBAC,STOCK
IBACR,STOCK
IBCP,STOCK
IBEX,STOCK
IBG,STOCK
IBIO,STOCK
IBKR,STOCK
IBM,STOCK
IBOC,STOCK
IBRX,STOCK
ICCC,STOCK
ICCM,STOCK
ICE,STOCK
ICFI,STOCK
ICG,STOCK
ICHR,STOCK
ICLR,STOCK
ICMB,STOCK
ICON,STOCK
ICU,STOCK
ICUCW,STOCK
ICUI,STOCK
IDAI,STOCK
IDCC,STOCK
IDN,STOCK
IDXX,STOCK
IDYA,STOCK
IEP,STOCK
IESC,STOCK
IEX,STOCK
IFBD,STOCK
IFF,STOCK
IFLO,STOCK
IFRX,STOCK
IGIC,STOCK
IGMS,STOCK
IHRT,STOCK
III,STOCK
IIIV,STOCK
IINN,STOCK
IINNW,STOCK
IKNA,STOCK
IKT,STOCK
ILAG,STOCK
ILLR,STOCK
ILLRW,STOCK
ILMN,STOCK
ILPT,STOCK
IMAB,STOCK
IMCC,STOCK
IMCR,STOCK
IMDX,STOCK
IMG,STOCK
IMKTA,STOCK
IMMP,STOCK
IMMR,STOCK
IMMX,STOCK
IMNM,STOCK
IMNN,STOCK
IMOS,STOCK
IMPP,STOCK
IMPPP,STOCK
IMRN,STOCK
IMRX,STOCK
IMTE,STOCK
IMTX,STOCK
IMUX,STOCK
IMVT,STOCK
IMXI,STOCK
INAB,STOCK
INACU,STOCK
INBK,STOCK
INBKZ,STOCK
INBS,STOCK
INBX,STOCK
INCR,STOCK
INCY,STOCK
INDB,STOCK
INDI,STOCK
INDP,STOCK
INDV,STOCK
INEO,STOCK
INGN,STOCK
INHD,STOCK
INKT,STOCK
INLF,STOCK
INM,STOCK
INMB,STOCK
INMD,STOCK
INNV,STOCK
INO,STOCK
INOD,STOCK
INSE,STOCK
INSG,STOCK
INSM,STOCK
INTA,STOCK
INTC,STOCK
INTG,STOCK
INTJ,STOCK
INTR,STOCK
INTS,STOCK
INTU,STOCK
INTZ,STOCK
INV,STOCK
INVA,STOCK
INVE,STOCK
INVH,STOCK
INVZ,STOCK
INVZW,STOCK
IOBT,STOCK
IONR,STOCK
IONS,STOCK
IOSP,STOCK
IOTR,STOCK
IOVA,STOCK
IP,STOCK
IPA,STOCK
IPAR,STOCK
IPCX,STOCK
IPCXR,STOCK
IPCXU,STOCK
IPDN,STOCK
IPG,STOCK
IPGP,STOCK
IPHA,STOCK
IPM,STOCK
IPOD,STOCK
IPODU,STOCK
IPODW,STOCK
IPSC,STOCK
IPW,STOCK
IPWR,STOCK
IPX,STOCK
IQ,STOCK
IQST,STOCK
IQV,STOCK
IR,STOCK
IRBT,STOCK
IRD,STOCK
IRDM,STOCK
IREN,STOCK
IRIX,STOCK
IRM,STOCK
IRMD,STOCK
IROH,STOCK
IROHR,STOCK
IROHU,STOCK
IROHW,STOCK
IRON,STOCK
IROQ,STOCK
IRTC,STOCK
IRWD,STOCK
ISBA,STOCK
ISPC,STOCK
ISPO,STOCK
ISPOW,STOCK
ISPR,STOCK
ISRG,STOCK
ISRL,STOCK
ISRLU,STOCK
ISRLW,STOCK
ISSC,STOCK
ISTR,STOCK
IT,STOCK
ITIC,STOCK
ITOS,STOCK
ITRI,STOCK
ITRM,STOCK
ITRN,STOCK
ITW,STOCK
IVA,STOCK
IVDA,STOCK
IVDAW,STOCK
IVF,STOCK
IVP,STOCK
IVVD,STOCK
IVZ,STOCK
IXHL,STOCK
IZEA,STOCK
IZM,STOCK
J,STOCK
JACK,STOCK
JAGX,STOCK
JAKK,STOCK
JAMF,STOCK
JANX,STOCK
JAZZ,STOCK
JBDI,STOCK
JBHT,STOCK
JBIO,STOCK
JBL,STOCK
JBLU,STOCK
JBSS,STOCK
JCAP,STOCK
JCI,STOCK
JCSE,STOCK
JCTC,STOCK
JD,STOCK
JDZG,STOCK
JEM,STOCK
JFB,STOCK
JFBR,STOCK
JFBRW,STOCK
JFIN,STOCK
JFU,STOCK
JG,STOCK
JJSF,STOCK
JKHY,STOCK
JL,STOCK
JLHL,STOCK
JMSB,STOCK
JNJ,STOCK
JOUT,STOCK
JOYY,STOCK
JPM,STOCK
JPX,STOCK
JRSH,STOCK
JRVR,STOCK
JSM,STOCK
JSPR,STOCK
JSPRW,STOCK
JTAI,STOCK
JUNS,STOCK
JVA,STOCK
JWEL,STOCK
JXG,STOCK
JYD,STOCK
JYNT,STOCK
JZ,STOCK
JZXN,STOCK
K,STOCK
KALA,STOCK
KALU,STOCK
KALV,STOCK
KARO,STOCK
KAVL,STOCK
KBSX,STOCK
KC,STOCK
KCHV,STOCK
KCHVR,STOCK
KCHVU,STOCK
KDP,STOCK
KE,STOCK
KELYA,STOCK
KELYB,STOCK
KEQU,STOCK
KEY,STOCK
KEYS,STOCK
KFFB,STOCK
KFII,STOCK
KFIIR,STOCK
KFIIU,STOCK
KG,STOCK
KGEI,STOCK
KHC,STOCK
KIDS,STOCK
KIDZ,STOCK
KIDZW,STOCK
KIM,STOCK
KINS,STOCK
KIRK,STOCK
KITT,STOCK
KITTW,STOCK
KKR,STOCK
KLAC,STOCK
KLIC,STOCK
KLRS,STOCK
KLTO,STOCK
KLTOW,STOCK
KLTR,STOCK
KLXE,STOCK
KMB,STOCK
KMDA,STOCK
KMI,STOCK
KMLI,STOCK
KMRK,STOCK
KMTS,STOCK
KMX,STOCK
KNDI,STOCK
KNSA,STOCK
KO,STOCK
KOD,STOCK
KOPN,STOCK
KOSS,STOCK
KPLT,STOCK
KPLTW,STOCK
KPRX,STOCK
KPTI,STOCK
KR,STOCK
KRKR,STOCK
KRMD,STOCK
KRNT,STOCK
KRNY,STOCK
KROS,STOCK
KRRO,STOCK
KRT,STOCK
KRUS,STOCK
KRYS,STOCK
KSCP,STOCK
KSPI,STOCK
KTCC,STOCK
KTOS,STOCK
KTTA,STOCK
KTTAW,STOCK
KURA,STOCK
KVAC,STOCK
KVACU,STOCK
KVACW,STOCK
KVHI,STOCK
KVUE,STOCK
KWM,STOCK
KWMWW,STOCK
KXIN,STOCK
KYMR,STOCK
KYTX,STOCK
KZIA,STOCK
KZR,STOCK
L,STOCK
LAB,STOCK
LAES,STOCK
LAKE,STOCK
LAMR,STOCK
LAND,STOCK
LANDM,STOCK
LANDO,STOCK
LANDP,STOCK
LARK,STOCK
LASE,STOCK
LASR,STOCK
LAUR,STOCK
LAWR,STOCK
LAZR,STOCK
LBGJ,STOCK
LBRDA,STOCK
LBRDK,STOCK
LBRDP,STOCK
LBTYA,STOCK
LBTYB,STOCK
LBTYK,STOCK
LCCC,STOCK
LCCCR,STOCK
LCCCU,STOCK
LCFY,STOCK
LCFYW,STOCK
LCID,STOCK
LCNB,STOCK
LCUT,STOCK
LDOS,STOCK
LDWY,STOCK
LE,STOCK
LECO,STOCK
LEDS,STOCK
LEE,STOCK
LEGH,STOCK
LEGN,STOCK
LEN,STOCK
LENZ,STOCK
LESL,STOCK
LEXX,STOCK
LEXXW,STOCK
LFCR,STOCK
LFMD,STOCK
LFMDP,STOCK
LFST,STOCK
LFUS,STOCK
LFVN,STOCK
LFWD,STOCK
LGCB,STOCK
LGCL,STOCK
LGHL,STOCK
LGIH,STOCK
LGND,STOCK
LGO,STOCK
LGVN,STOCK
LH,STOCK
LHAI,STOCK
LHSW,STOCK
LHX,STOCK
LI,STOCK
LICN,STOCK
LIDR,STOCK
LIDRW,STOCK
LIEN,STOCK
LIF,STOCK
LII,STOCK
LILA,STOCK
LILAK,STOCK
LIMN,STOCK
LIMNW,STOCK
LIN,STOCK
LINC,STOCK
LIND,STOCK
LINE,STOCK
LINK,STOCK
LIQT,STOCK
LITE,STOCK
LITM,STOCK
LIVE,STOCK
LIVN,STOCK
LIXT,STOCK
LIXTW,STOCK
LKFN,STOCK
LKQ,STOCK
LLY,STOCK
LLYVA,STOCK
LLYVK,STOCK
LMAT,STOCK
LMB,STOCK
LMFA,STOCK
LMNR,STOCK
LMT,STOCK
LNKB,STOCK
LNKS,STOCK
LNSR,STOCK
LNT,STOCK
LNTH,STOCK
LNW,STOCK
LNZA,STOCK
LNZAW,STOCK
LOAN,STOCK
LOBO,STOCK
LOCO,STOCK
LOGI,STOCK
LOKV,STOCK
LOKVU,STOCK
LOKVW,STOCK
LOOP,STOCK
LOPE,STOCK
LOT,STOCK
LOTWW,STOCK
LOVE,STOCK
LOW,STOCK
LPAA,STOCK
LPAAU,STOCK
LPAAW,STOCK
LPBB,STOCK
LPBBU,STOCK
LPBBW,STOCK
LPCN,STOCK
LPLA,STOCK
LPRO,STOCK
LPSN,STOCK
LPTH,STOCK
LPTX,STOCK
LQDA,STOCK
LQDT,STOCK
LRCX,STOCK
LRE,STOCK
LRHC,STOCK
LRMR,STOCK
LSAK,STOCK
LSB,STOCK
LSBK,STOCK
LSBPW,STOCK
LSCC,STOCK
LSE,STOCK
LSH,STOCK
LSTA,STOCK
LSTR,STOCK
LTBR,STOCK
LTRN,STOCK
LTRX,STOCK
LTRYW,STOCK
LUCD,STOCK
LUCY,STOCK
LUCYW,STOCK
LULU,STOCK
LUNG,STOCK
LUNR,STOCK
LUV,STOCK
LVLU,STOCK
LVO,STOCK
LVRO,STOCK
LVROW,STOCK
LVS,STOCK
LVTX,STOCK
LW,STOCK
LWACU,STOCK
LWAY,STOCK
LWLG,STOCK
LX,STOCK
LXEH,STOCK
LXEO,STOCK
LXRX,STOCK
LYB,STOCK
LYEL,STOCK
LYFT,STOCK
LYRA,STOCK
LYTS,STOCK
LYV,STOCK
LZ,STOCK
LZMH,STOCK
MA,STOCK
MAA,STOCK
MAAS,STOCK
MACI,STOCK
MACIU,STOCK
MACIW,STOCK
MAMA,STOCK
MAMK,STOCK
MAMO,STOCK
MANH,STOCK
MAPS,STOCK
MAPSW,STOCK
MAR,STOCK
MARA,STOCK
MARPS,STOCK
MAS,STOCK
MASI,STOCK
MASK,STOCK
MASS,STOCK
MAT,STOCK
MATH,STOCK
MATW,STOCK
MAXN,STOCK
MAYA,STOCK
MAYAR,STOCK
MAYAU,STOCK
MAYS,STOCK
MAZE,STOCK
MB,STOCK
MBAV,STOCK
MBAVU,STOCK
MBAVW,STOCK
MBBC,STOCK
MBCN,STOCK
MBIN,STOCK
MBINL,STOCK
MBINM,STOCK
MBINN,STOCK
MBIO,STOCK
MBLY,STOCK
MBNKO,STOCK
MBOT,STOCK
MBRX,STOCK
MBUU,STOCK
MBWM,STOCK
MBX,STOCK
MCBS,STOCK
MCD,STOCK
MCFT,STOCK
MCHP,STOCK
MCHPP,STOCK
MCHX,STOCK
MCK,STOCK
MCO,STOCK
MCRB,STOCK
MCRI,STOCK
MCTR,STOCK
MCVT,STOCK
MCW,STOCK
MDAI,STOCK
MDAIW,STOCK
MDB,STOCK
MDBH,STOCK
MDCX,STOCK
MDCXW,STOCK
MDGL,STOCK
MDIA,STOCK
MDLZ,STOCK
MDRR,STOCK
MDT,STOCK
MDWD,STOCK
MDXG,STOCK
MDXH,STOCK
MEDP,STOCK
MEGL,STOCK
MEIP,STOCK
MELI,STOCK
MENS,STOCK
MEOH,STOCK
MERC,STOCK
MESA,STOCK
MESO,STOCK
MET,STOCK
META,STOCK
METC,STOCK
METCB,STOCK
METCL,STOCK
METCZ,STOCK
MFH,STOCK
MFI,STOCK
MFIC,STOCK
MFICL,STOCK
MFIN,STOCK
MGEE,STOCK
MGIC,STOCK
MGIH,STOCK
MGM,STOCK
MGNI,STOCK
MGNX,STOCK
MGPI,STOCK
MGRC,STOCK
MGRM,STOCK
MGRT,STOCK
MGRX,STOCK
MGTX,STOCK
MGX,STOCK
MGYR,STOCK
MHK,STOCK
MHUA,STOCK
MIDD,STOCK
MIGI,STOCK
MIMI,STOCK
MIND,STOCK
MIRA,STOCK
MIRM,STOCK
MIST,STOCK
MITK,STOCK
MJID,STOCK
MKC,STOCK
MKDW,STOCK
MKDWW,STOCK
MKSI,STOCK
MKTW,STOCK
MKTX,STOCK
MKZR,STOCK
MLAB,STOCK
MLAC,STOCK
MLACR,STOCK
MLACU,STOCK
MLCO,STOCK
MLEC,STOCK
MLECW,STOCK
MLGO,STOCK
MLKN,STOCK
MLM,STOCK
MLTX,STOCK
MLYS,STOCK
MMC,STOCK
MMLP,STOCK
MMM,STOCK
MMSI,STOCK
MMYT,STOCK
MNDO,STOCK
MNDR,STOCK
MNDY,STOCK
MNKD,STOCK
MNMD,STOCK
MNOV,STOCK
MNPR,STOCK
MNRO,STOCK
MNSB,STOCK
MNSBP,STOCK
MNST,STOCK
MNTK,STOCK
MNTS,STOCK
MNTSW,STOCK
MNY,STOCK
MNYWW,STOCK
MO,STOCK
MOB,STOCK
MOBBW,STOCK
MOBX,STOCK
MOBXW,STOCK
MODD,STOCK
MODV,STOCK
MOFG,STOCK
MOGO,STOCK
MOH,STOCK
MOLN,STOCK
MOMO,STOCK
MORN,STOCK
MOS,STOCK
MOVE,STOCK
MPAA,STOCK
MPB,STOCK
MPC,STOCK
MPWR,STOCK
MQ,STOCK
MRAM,STOCK
MRBK,STOCK
MRCC,STOCK
MRCY,STOCK
MREO,STOCK
MRK,STOCK
MRKR,STOCK
MRM,STOCK
MRNA,STOCK
MRNO,STOCK
MRNOW,STOCK
MRSN,STOCK
MRTN,STOCK
MRUS,STOCK
MRVI,STOCK
MRVL,STOCK
MRX,STOCK
MS,STOCK
MSAI,STOCK
MSAIW,STOCK
MSBI,STOCK
MSBIP,STOCK
MSCI,STOCK
MSDD,STOCK
MSEX,STOCK
MSFT,STOCK
MSGM,STOCK
MSGY,STOCK
MSI,STOCK
MSPR,STOCK
MSPRW,STOCK
MSPRZ,STOCK
MSS,STOCK
MSTP,STOCK
MSTR,STOCK
MSW,STOCK
MTB,STOCK
MTC,STOCK
MTCH,STOCK
MTD,STOCK
MTEK,STOCK
MTEKW,STOCK
MTEN,STOCK
MTEX,STOCK
MTLS,STOCK
MTRX,STOCK
MTSI,STOCK
MTSR,STOCK
MTVA,STOCK
MU,STOCK
MULN,STOCK
MURA,STOCK
MVBF,STOCK
MVIS,STOCK
MVST,STOCK
MVSTW,STOCK
MWYN,STOCK
MXCT,STOCK
MXL,STOCK
MYFW,STOCK
MYGN,STOCK
MYNZ,STOCK
MYPS,STOCK
MYPSW,STOCK
MYRG,STOCK
MYSZ,STOCK
MZTI,STOCK
NA,STOCK
NAAS,STOCK
NAGE,STOCK
NAII,STOCK
NAKA,STOCK
NAKAW,STOCK
NAMI,STOCK
NAMM,STOCK
NAMMW,STOCK
NAMS,STOCK
NAMSW,STOCK
NAOV,STOCK
NATH,STOCK
NATR,STOCK
NAUT,STOCK
NAVI,STOCK
NB,STOCK
NBBK,STOCK
NBIS,STOCK
NBIX,STOCK
NBN,STOCK
NBTB,STOCK
NBTX,STOCK
NCEW,STOCK
NCI,STOCK
NCLH,STOCK
NCMI,STOCK
NCNA,STOCK
NCNO,STOCK
NCPL,STOCK
NCPLW,STOCK
NCRA,STOCK
NCSM,STOCK
NCT,STOCK
NCTY,STOCK
NDAQ,STOCK
NDLS,STOCK
NDRA,STOCK
NDSN,STOCK
NECB,STOCK
NEE,STOCK
NEGG,STOCK
NEHC,STOCK
NEHCW,STOCK
NEM,STOCK
NEO,STOCK
NEOG,STOCK
NEON,STOCK
NEOV,STOCK
NEOVW,STOCK
NEPH,STOCK
NERV,STOCK
NESR,STOCK
NETD,STOCK
NETDU,STOCK
NETDW,STOCK
NEUP,STOCK
NEWT,STOCK
NEWTG,STOCK
NEWTH,STOCK
NEWTI,STOCK
NEWTZ,STOCK
NEXM,STOCK
NEXN,STOCK
NEXT,STOCK
NFBK,STOCK
NFE,STOCK
NFLX,STOCK
NGNE,STOCK
NHIC,STOCK
NHICU,STOCK
NHICW,STOCK
NHPAP,STOCK
NHPBP,STOCK
NHTC,STOCK
NI,STOCK
NICE,STOCK
NIOBW,STOCK
NIPG,STOCK
NISN,STOCK
NITO,STOCK
NIU,STOCK
NIVF,STOCK
NIVFW,STOCK
NIXX,STOCK
NIXXW,STOCK
NKE,STOCK
NKSH,STOCK
NKTR,STOCK
NKTX,STOCK
NLSP,STOCK
NLSPW,STOCK
NMFC,STOCK
NMFCZ,STOCK
NMIH,STOCK
NMPAU,STOCK
NMRA,STOCK
NMRK,STOCK
NMTC,STOCK
NN,STOCK
NNAVW,STOCK
NNBR,STOCK
NNDM,STOCK
NNE,STOCK
NNNN,STOCK
NNOX,STOCK
NOC,STOCK
NODK,STOCK
NOEM,STOCK
NOEMR,STOCK
NOEMU,STOCK
NOEMW,STOCK
NOTV,STOCK
NOVT,STOCK
NOW,STOCK
NOWL,STOCK
NPAC,STOCK
NPACU,STOCK
NPACW,STOCK
NPCE,STOCK
NRC,STOCK
NRDS,STOCK
NRG,STOCK
NRIM,STOCK
NRIX,STOCK
NRSN,STOCK
NRSNW,STOCK
NRXP,STOCK
NRXPW,STOCK
NSC,STOCK
NSIT,STOCK
NSPR,STOCK
NSSC,STOCK
NSTS,STOCK
NSYS,STOCK
NTAP,STOCK
NTCL,STOCK
NTCT,STOCK
NTES,STOCK
NTGR,STOCK
NTHI,STOCK
NTIC,STOCK
NTLA,STOCK
NTNX,STOCK
NTRA,STOCK
NTRB,STOCK
NTRBW,STOCK
NTRP,STOCK
NTRS,STOCK
NTRSO,STOCK
NTWK,STOCK
NTWO,STOCK
NTWOU,STOCK
NTWOW,STOCK
NUE,STOCK
NUKK,STOCK
NUKKW,STOCK
NUTX,STOCK
NUVL,STOCK
NUWE,STOCK
NVA,STOCK
NVAWW,STOCK
NVAX,STOCK
NVCR,STOCK
NVCT,STOCK
NVDA,STOCK
NVEC,STOCK
NVEE,STOCK
NVFY,STOCK
NVMI,STOCK
NVNI,STOCK
NVNIW,STOCK
NVNO,STOCK
NVR,STOCK
NVTS,STOCK
NVVE,STOCK
NVVEW,STOCK
NVX,STOCK
NWBI,STOCK
NWE,STOCK
NWFL,STOCK
NWGL,STOCK
NWL,STOCK
NWPX,STOCK
NWS,STOCK
NWSA,STOCK
NWTG,STOCK
NWTN,STOCK
NWTNW,STOCK
NXGL,STOCK
NXGLW,STOCK
NXL,STOCK
NXLIW,STOCK
NXPI,STOCK
NXPL,STOCK
NXPLW,STOCK
NXST,STOCK
NXT,STOCK
NXTC,STOCK
NXTT,STOCK
NXXT,STOCK
NYAX,STOCK
NYMT,STOCK
NYMTG,STOCK
NYMTH,STOCK
NYMTI,STOCK
NYMTL,STOCK
NYMTM,STOCK
NYMTN,STOCK
NYMTZ,STOCK
NYXH,STOCK
O,STOCK
OABI,STOCK
OABIW,STOCK
OACC,STOCK
OACCU,STOCK
OACCW,STOCK
OAKU,STOCK
OAKUR,STOCK
OAKUU,STOCK
OAKUW,STOCK
OBAWU,STOCK
OBIO,STOCK
OBLG,STOCK
OBT,STOCK
OCC,STOCK
OCCI,STOCK
OCCIM,STOCK
OCCIN,STOCK
OCCIO,STOCK
OCFC,STOCK
OCG,STOCK
OCGN,STOCK
OCS,STOCK
OCSAW,STOCK
OCSL,STOCK
OCTO,STOCK
OCUL,STOCK
ODD,STOCK
ODFL,STOCK
ODP,STOCK
ODVWZ,STOCK
ODYS,STOCK
OESX,STOCK
OFAL,STOCK
OFIX,STOCK
OFLX,STOCK
OFS,STOCK
OFSSH,STOCK
OFSSO,STOCK
OGI,STOCK
OKE,STOCK
OKLL,STOCK
OKTA,STOCK
OKUR,STOCK
OKYO,STOCK
OLB,STOCK
OLED,STOCK
OLLI,STOCK
OLMA,STOCK
OLPX,STOCK
OM,STOCK
OMAB,STOCK
OMC,STOCK
OMCC,STOCK
OMCL,STOCK
OMDA,STOCK
OMER,STOCK
OMEX,STOCK
OMH,STOCK
OMSE,STOCK
ON,STOCK
ONB,STOCK
ONBPO,STOCK
ONBPP,STOCK
ONC,STOCK
ONCHU,STOCK
ONCO,STOCK
ONCY,STOCK
ONDS,STOCK
ONEG,STOCK
ONEW,STOCK
ONFO,STOCK
ONFOW,STOCK
ONMD,STOCK
ONMDW,STOCK
OP,STOCK
OPAL,STOCK
OPBK,STOCK
OPCH,STOCK
OPEN,STOCK
OPI,STOCK
OPINL,STOCK
OPK,STOCK
OPOF,STOCK
OPPJ,STOCK
OPRA,STOCK
OPRT,STOCK
OPRX,STOCK
OPT,STOCK
OPTX,STOCK
OPTXW,STOCK
OPXS,STOCK
ORCL,STOCK
ORGN,STOCK
ORGNW,STOCK
ORGO,STOCK
ORIC,STOCK
ORIQU,STOCK
ORIS,STOCK
ORKA,STOCK
ORKT,STOCK
ORLY,STOCK
ORMP,STOCK
ORRF,STOCK
OS,STOCK
OSBC,STOCK
OSIS,STOCK
OSPN,STOCK
OSRH,STOCK
OSRHW,STOCK
OSS,STOCK
OST,STOCK
OSUR,STOCK
OSW,STOCK
OTEX,STOCK
OTGL,STOCK
OTIS,STOCK
OTLK,STOCK
OTLY,STOCK
OTRK,STOCK
OTTR,STOCK
OUST,STOCK
OUSTW,STOCK
OUSTZ,STOCK
OVBC,STOCK
OVID,STOCK
OVLY,STOCK
OXBR,STOCK
OXBRW,STOCK
OXLC,STOCK
OXLCG,STOCK
OXLCI,STOCK
OXLCL,STOCK
OXLCN,STOCK
OXLCO,STOCK
OXLCP,STOCK
OXLCZ,STOCK
OXSQ,STOCK
OXSQG,STOCK
OXSQZ,STOCK
OXY,STOCK
OYSE,STOCK
OYSER,STOCK
OYSEU,STOCK
OZK,STOCK
OZKAP,STOCK
PAA,STOCK
PACB,STOCK
PACHU,STOCK
PAGP,STOCK
PAHC,STOCK
PAL,STOCK
PALI,STOCK
PAMT,STOCK
PANL,STOCK
PANW,STOCK
PARA,STOCK
PARAA,STOCK
PASG,STOCK
PATK,STOCK
PAVM,STOCK
PAVS,STOCK
PAX,STOCK
PAYC,STOCK
PAYO,STOCK
PAYS,STOCK
PAYX,STOCK
PBBK,STOCK
PBFS,STOCK
PBHC,STOCK
PBM,STOCK
PBMWW,STOCK
PBPB,STOCK
PBYI,STOCK
PC,STOCK
PCAP,STOCK
PCAPU,STOCK
PCAPW,STOCK
PCAR,STOCK
PCB,STOCK
PCG,STOCK
PCH,STOCK
PCLA,STOCK
PCRX,STOCK
PCSA,STOCK
PCSC,STOCK
PCT,STOCK
PCTTU,STOCK
PCTTW,STOCK
PCTY,STOCK
PCVX,STOCK
PCYO,STOCK
PDD,STOCK
PDDL,STOCK
PDEX,STOCK
PDFS,STOCK
PDLB,STOCK
PDSB,STOCK
PDYN,STOCK
PDYNW,STOCK
PEBK,STOCK
PEBO,STOCK
PECO,STOCK
PEG,STOCK
PEGA,STOCK
PELI,STOCK
PELIR,STOCK
PELIU,STOCK
PENG,STOCK
PENN,STOCK
PEP,STOCK
PEPG,STOCK
PERI,STOCK
PESI,STOCK
PET,STOCK
PETS,STOCK
PETWW,STOCK
PETZ,STOCK
PFAI,STOCK
PFBC,STOCK
PFE,STOCK
PFG,STOCK
PFIS,STOCK
PFSA,STOCK
PFX,STOCK
PFXNZ,STOCK
PG,STOCK
PGC,STOCK
PGEN,STOCK
PGNY,STOCK
PGR,STOCK
PGY,STOCK
PGYWW,STOCK
PH,STOCK
PHAR,STOCK
PHAT,STOCK
PHH,STOCK
PHIO,STOCK
PHLT,STOCK
PHM,STOCK
PHOE,STOCK
PHUN,STOCK
PHVS,STOCK
PI,STOCK
PIII,STOCK
PIIIW,STOCK
PINC,STOCK
PKBK,STOCK
PKG,STOCK
PKOH,STOCK
PLAB,STOCK
PLAY,STOCK
PLBC,STOCK
PLBY,STOCK
PLCE,STOCK
PLD,STOCK
PLL,STOCK
PLMK,STOCK
PLMKU,STOCK
PLMKW,STOCK
PLMR,STOCK
PLPC,STOCK
PLRX,STOCK
PLRZ,STOCK
PLSE,STOCK
PLTK,STOCK
PLTR,STOCK
PLUG,STOCK
PLUR,STOCK
PLUS,STOCK
PLUT,STOCK
PLXS,STOCK
PM,STOCK
PMAX,STOCK
PMCB,STOCK
PMEC,STOCK
PMN,STOCK
PMTR,STOCK
PMTRU,STOCK
PMTRW,STOCK
PMTS,STOCK
PMVP,STOCK
PN,STOCK
PNBK,STOCK
PNC,STOCK
PNFP,STOCK
PNFPP,STOCK
PNR,STOCK
PNRG,STOCK
PNTG,STOCK
PNW,STOCK
POAI,STOCK
POCI,STOCK
PODC,STOCK
PODD,STOCK
POET,STOCK
POLA,STOCK
POLE,STOCK
POLEU,STOCK
POLEW,STOCK
PONY,STOCK
POOL,STOCK
POWI,STOCK
POWL,STOCK
POWW,STOCK
POWWP,STOCK
PPBI,STOCK
PPBT,STOCK
PPC,STOCK
PPG,STOCK
PPIH,STOCK
PPL,STOCK
PPSI,STOCK
PPTA,STOCK
PRAA,STOCK
PRAX,STOCK
PRCH,STOCK
PRCT,STOCK
PRDO,STOCK
PRE,STOCK
PRENW,STOCK
PRFX,STOCK
PRGS,STOCK
PRLD,STOCK
PRME,STOCK
PROF,STOCK
PROK,STOCK
PROP,STOCK
PROV,STOCK
PRPH,STOCK
PRPL,STOCK
PRPO,STOCK
PRQR,STOCK
PRSO,STOCK
PRTA,STOCK
PRTC,STOCK
PRTG,STOCK
PRTH,STOCK
PRTS,STOCK
PRU,STOCK
PRVA,STOCK
PRZO,STOCK
PSA,STOCK
PSEC,STOCK
PSHG,STOCK
PSIG,STOCK
PSIX,STOCK
PSMT,STOCK
PSNL,STOCK
PSNY,STOCK
PSNYW,STOCK
PSTV,STOCK
PSX,STOCK
PT,STOCK
PTC,STOCK
PTCT,STOCK
PTEN,STOCK
PTGX,STOCK
PTHL,STOCK
PTIX,STOCK
PTIXW,STOCK
PTLE,STOCK
PTLO,STOCK
PTMN,STOCK
PTNM,STOCK
PTON,STOCK
PUBM,STOCK
PULM,STOCK
PVBC,STOCK
PVLA,STOCK
PWM,STOCK
PWOD,STOCK
PWP,STOCK
PWR,STOCK
PXLW,STOCK
PXS,STOCK
PXSAW,STOCK
PYPD,STOCK
PYPL,STOCK
PYXS,STOCK
PZZA,STOCK
QB,STOCK
QCMU,STOCK
QCOM,STOCK
QCRH,STOCK
QDEL,STOCK
QETA,STOCK
QETAR,STOCK
QETAU,STOCK
QFIN,STOCK
QGRD,STOCK
QH,STOCK
QIPT,STOCK
QLGN,STOCK
QLYS,STOCK
QMCO,STOCK
QMMM,STOCK
QNCX,STOCK
QNRX,STOCK
QNST,STOCK
QNTM,STOCK
QQDN,STOCK
QQQX,STOCK
QQUP,STOCK
QRHC,STOCK
QRVO,STOCK
QSEA,STOCK
QSEAR,STOCK
QSEAU,STOCK
QSG,STOCK
QSI,STOCK
QSIAW,STOCK
QTRX,STOCK
QTTB,STOCK
QUBT,STOCK
QUIK,STOCK
QURE,STOCK
QVCGA,STOCK
QVCGP,STOCK
RAAQ,STOCK
RAAQU,STOCK
RAAQW,STOCK
RADX,STOCK
RAIL,STOCK
RAIN,STOCK
RAINW,STOCK
RAND,STOCK
RANG,STOCK
RANGR,STOCK
RANGU,STOCK
RANI,STOCK
RAPP,STOCK
RAPT,STOCK
RARE,STOCK
RAVE,STOCK
RAY,STOCK
RAYA,STOCK
RBB,STOCK
RBBN,STOCK
RBCAA,STOCK
RBKB,STOCK
RBNE,STOCK
RCAT,STOCK
RCEL,STOCK
RCKT,STOCK
RCKTW,STOCK
RCKY,STOCK
RCL,STOCK
RCMT,STOCK
RCON,STOCK
RCT,STOCK
RDAC,STOCK
RDACR,STOCK
RDACU,STOCK
RDAG,STOCK
RDAGU,STOCK
RDAGW,STOCK
RDCM,STOCK
RDGT,STOCK
RDHL,STOCK
RDI,STOCK
RDIB,STOCK
RDNT,STOCK
RDVT,STOCK
RDWR,STOCK
RDZN,STOCK
RDZNW,STOCK
REAL,STOCK
REAX,STOCK
REBN,STOCK
RECT,STOCK
REE,STOCK
REFI,STOCK
REFR,STOCK
REG,STOCK
REGCO,STOCK
REGCP,STOCK
REGN,STOCK
REKR,STOCK
RELI,STOCK
RELIW,STOCK
RELL,STOCK
RELY,STOCK
RENB,STOCK
RENT,STOCK
REPL,STOCK
RETO,STOCK
REVB,STOCK
REVBW,STOCK
REYN,STOCK
RF,STOCK
RFAI,STOCK
RFAIR,STOCK
RFAIU,STOCK
RFIL,STOCK
RGC,STOCK
RGCO,STOCK
RGEN,STOCK
RGLD,STOCK
RGNX,STOCK
RGP,STOCK
RGS,STOCK
RGTI,STOCK
RGTIW,STOCK
RHLD,STOCK
RIBB,STOCK
RIBBR,STOCK
RIBBU,STOCK
RICK,STOCK
RIGL,STOCK
RILY,STOCK
RILYG,STOCK
RILYK,STOCK
RILYL,STOCK
RILYN,STOCK
RILYP,STOCK
RILYT,STOCK
RILYZ,STOCK
RIME,STOCK
RIOT,STOCK
RITR,STOCK
RIVN,STOCK
RJF,STOCK
RKDA,STOCK
RKLB,STOCK
RL,STOCK
RLAY,STOCK
RLMD,STOCK
RLYB,STOCK
RMBI,STOCK
RMBL,STOCK
RMBS,STOCK
RMCF,STOCK
RMCO,STOCK
RMCOW,STOCK
RMD,STOCK
RMNI,STOCK
RMR,STOCK
RMSG,STOCK
RMSGW,STOCK
RMTI,STOCK
RNA,STOCK
RNAC,STOCK
RNAZ,STOCK
RNTX,STOCK
RNW,STOCK
RNWWW,STOCK
RNXT,STOCK
ROAD,STOCK
ROCK,STOCK
ROIV,STOCK
ROK,STOCK
ROKU,STOCK
ROL,STOCK
ROMA,STOCK
ROOT,STOCK
ROP,STOCK
ROST,STOCK
RPAY,STOCK
RPD,STOCK
RPID,STOCK
RPRX,STOCK
RPTX,STOCK
RR,STOCK
RRBI,STOCK
RRGB,STOCK
RRR,STOCK
RSG,STOCK
RSLS,STOCK
RSSS,STOCK
RSVR,STOCK
RSVRW,STOCK
RTAC,STOCK
RTACU,STOCK
RTACW,STOCK
RTX,STOCK
RUM,STOCK
RUMBW,STOCK
RUN,STOCK
RUSHA,STOCK
RUSHB,STOCK
RVMD,STOCK
RVMDW,STOCK
RVNL,STOCK
RVPH,STOCK
RVPHW,STOCK
RVSB,STOCK
RVSN,STOCK
RVSNW,STOCK
RVTY,STOCK
RVYL,STOCK
RWAY,STOCK
RWAYL,STOCK
RWAYZ,STOCK
RXRX,STOCK
RXST,STOCK
RXT,STOCK
RYAAY,STOCK
RYET,STOCK
RYTM,STOCK
RZLT,STOCK
RZLV,STOCK
RZLVW,STOCK
SABR,STOCK
SABS,STOCK
SABSW,STOCK
SAFT,STOCK
SAFX,STOCK
SAGE,STOCK
SAGT,STOCK
SAIA,STOCK
SAIC,STOCK
SAIH,STOCK
SAIHW,STOCK
SAIL,STOCK
SAMG,STOCK
SANA,STOCK
SANG,STOCK
SANM,STOCK
SANW,STOCK
SATL,STOCK
SATLW,STOCK
SATS,STOCK
SAVA,STOCK
SBAC,STOCK
SBC,STOCK
SBCF,STOCK
SBCWW,STOCK
SBET,STOCK
SBFG,STOCK
SBFM,STOCK
SBFMW,STOCK
SBGI,STOCK
SBLK,STOCK
SBRA,STOCK
SBUX,STOCK
SCAG,STOCK
SCAGW,STOCK
SCHL,STOCK
SCHW,STOCK
SCKT,STOCK
SCLX,STOCK
SCLXW,STOCK
SCNI,STOCK
SCNX,STOCK
SCOR,STOCK
SCPH,STOCK
SCSC,STOCK
SCVL,STOCK
SCWO,STOCK
SCYX,STOCK
SDA,STOCK
SDAWW,STOCK
SDGR,STOCK
SDHI,STOCK
SDHIR,STOCK
SDHIU,STOCK
SDM,STOCK
SDOT,STOCK
SDST,STOCK
SDSTW,STOCK
SEAT,STOCK
SEATW,STOCK
SEDG,STOCK
SEED,STOCK
SEER,STOCK
SEGG,STOCK
SEIC,STOCK
SELF,STOCK
SELX,STOCK
SENEA,STOCK
SENEB,STOCK
SEPN,STOCK
SERA,STOCK
SERV,STOCK
SEVN,STOCK
SEZL,STOCK
SFBC,STOCK
SFD,STOCK
SFHG,STOCK
SFIX,STOCK
SFM,STOCK
SFNC,STOCK
SFST,STOCK
SFWL,STOCK
SGA,STOCK
SGBX,STOCK
SGC,STOCK
SGD,STOCK
SGHT,STOCK
SGLY,STOCK
SGMA,STOCK
SGML,STOCK
SGMO,STOCK
SGMT,STOCK
SGRP,STOCK
SGRY,STOCK
SHBI,STOCK
SHC,STOCK
SHEN,STOCK
SHFS,STOCK
SHFSW,STOCK
SHIM,STOCK
SHIP,STOCK
SHLS,STOCK
SHMD,STOCK
SHMDW,STOCK
SHOO,STOCK
SHOP,STOCK
SHOT,STOCK
SHOTW,STOCK
SHPH,STOCK
SHW,STOCK
SIBN,STOCK
SIDU,STOCK
SIEB,STOCK
SIFY,STOCK
SIGA,STOCK
SIGI,STOCK
SIGIP,STOCK
SILC,STOCK
SILO,STOCK
SIMA,STOCK
SIMAU,STOCK
SIMAW,STOCK
SIMO,STOCK
SINT,STOCK
SION,STOCK
SIRI,STOCK
SISI,STOCK
SITM,STOCK
SJ,STOCK
SJM,STOCK
SKBL,STOCK
SKIN,STOCK
SKK,STOCK
SKWD,STOCK
SKYE,STOCK
SKYQ,STOCK
SKYT,STOCK
SKYW,STOCK
SKYX,STOCK
SLAB,STOCK
SLB,STOCK
SLDB,STOCK
SLDE,STOCK
SLDP,STOCK
SLDPW,STOCK
SLE,STOCK
SLGL,STOCK
SLM,STOCK
SLMBP,STOCK
SLN,STOCK
SLNG,STOCK
SLNH,STOCK
SLNHP,STOCK
SLNO,STOCK
SLP,STOCK
SLRC,STOCK
SLRX,STOCK
SLS,STOCK
SLSN,STOCK
SLXN,STOCK
SLXNW,STOCK
SMBC,STOCK
SMCI,STOCK
SMID,STOCK
SMLR,STOCK
SMMT,STOCK
SMPL,STOCK
SMSI,STOCK
SMTC,STOCK
SMTI,STOCK
SMTK,STOCK
SMX,STOCK
SMXT,STOCK
SMXWW,STOCK
SNA,STOCK
SNAL,STOCK
SNBR,STOCK
SNCR,STOCK
SNCY,STOCK
SND,STOCK
SNDK,STOCK
SNDL,STOCK
SNDX,STOCK
SNES,STOCK
SNEX,STOCK
SNFCA,STOCK
SNGX,STOCK
SNOA,STOCK
SNPS,STOCK
SNRE,STOCK
SNSE,STOCK
SNT,STOCK
SNTG,STOCK
SNTI,STOCK
SNWV,STOCK
SNY,STOCK
SNYR,STOCK
SO,STOCK
SOBR,STOCK
SOCAU,STOCK
SOFI,STOCK
SOGP,STOCK
SOHO,STOCK
SOHOB,STOCK
SOHON,STOCK
SOHOO,STOCK
SOHU,STOCK
SOLV,STOCK
SOND,STOCK
SONDW,STOCK
SONM,STOCK
SONN,STOCK
SONO,STOCK
SOPA,STOCK
SOPH,STOCK
SORA,STOCK
SOTK,STOCK
SOUN,STOCK
SOUNW,STOCK
SOWG,STOCK
SPAI,STOCK
SPCB,STOCK
SPEGU,STOCK
SPFI,STOCK
SPG,STOCK
SPGI,STOCK
SPHL,STOCK
SPKL,STOCK
SPKLU,STOCK
SPKLW,STOCK
SPNS,STOCK
SPOK,STOCK
SPPL,STOCK
SPRC,STOCK
SPRO,STOCK
SPRY,STOCK
SPSC,STOCK
SPT,STOCK
SPTN,STOCK
SPWH,STOCK
SPWR,STOCK
SPWRW,STOCK
SPXD,STOCK
SQFT,STOCK
SQFTP,STOCK
SQFTW,STOCK
SRAD,STOCK
SRBK,STOCK
SRCE,STOCK
SRDX,STOCK
SRE,STOCK
SRPT,STOCK
SRRK,STOCK
SRTS,STOCK
SRZN,STOCK
SRZNW,STOCK
SSBI,STOCK
SSII,STOCK
SSKN,STOCK
SSNC,STOCK
SSP,STOCK
SSRM,STOCK
SSSS,STOCK
SSSSL,STOCK
SSTI,STOCK
SSYS,STOCK
STAA,STOCK
STAI,STOCK
STAK,STOCK
STBA,STOCK
STE,STOCK
STEC,STOCK
STEP,STOCK
STFS,STOCK
STGW,STOCK
STHO,STOCK
STI,STOCK
STIM,STOCK
STKH,STOCK
STKL,STOCK
STKS,STOCK
STLD,STOCK
STNE,STOCK
STOK,STOCK
STRA,STOCK
STRD,STOCK
STRF,STOCK
STRK,STOCK
STRL,STOCK
STRM,STOCK
STRO,STOCK
STRR,STOCK
STRRP,STOCK
STRS,STOCK
STRT,STOCK
STRZ,STOCK
STSS,STOCK
STSSW,STOCK
STT,STOCK
STTK,STOCK
STX,STOCK
STZ,STOCK
SUGP,STOCK
SUNE,STOCK
SUNS,STOCK
SUPN,STOCK
SUPX,STOCK
SURG,STOCK
SUUN,STOCK
SVA,STOCK
SVC,STOCK
SVCC,STOCK
SVCCU,STOCK
SVCCW,STOCK
SVCO,STOCK
SVII,STOCK
SVIIR,STOCK
SVIIU,STOCK
SVIIW,STOCK
SVRA,STOCK
SVRE,STOCK
SVREW,STOCK
SW,STOCK
SWAG,STOCK
SWAGW,STOCK
SWBI,STOCK
SWIM,STOCK
SWIN,STOCK
SWK,STOCK
SWKH,STOCK
SWKHL,STOCK
SWKS,STOCK
SWVL,STOCK
SWVLW,STOCK
SXTC,STOCK
SXTP,STOCK
SXTPW,STOCK
SY,STOCK
SYBT,STOCK
SYBX,STOCK
SYF,STOCK
SYK,STOCK
SYM,STOCK
SYNA,STOCK
SYPR,STOCK
SYRE,STOCK
SYTA,STOCK
SYTAW,STOCK
SYY,STOCK
SZZL,STOCK
SZZLR,STOCK
SZZLU,STOCK
T,STOCK
TACH,STOCK
TACHU,STOCK
TACHW,STOCK
TACO,STOCK
TACOU,STOCK
TACOW,STOCK
TACT,STOCK
TAIT,STOCK
TALK,STOCK
TALKW,STOCK
TANH,STOCK
TAOP,STOCK
TAOX,STOCK
TAP,STOCK
TARA,STOCK
TARS,STOCK
TASK,STOCK
TATT,STOCK
TAVI,STOCK
TAVIR,STOCK
TAVIU,STOCK
TAYD,STOCK
TBBK,STOCK
TBCH,STOCK
TBH,STOCK
TBLA,STOCK
TBLAW,STOCK
TBLD,STOCK
TBMC,STOCK
TBMCR,STOCK
TBPH,STOCK
TBRG,STOCK
TC,STOCK
TCBI,STOCK
TCBIO,STOCK
TCBK,STOCK
TCBS,STOCK
TCBX,STOCK
TCMD,STOCK
TCOM,STOCK
TCPC,STOCK
TCRT,STOCK
TCRX,STOCK
TCX,STOCK
TDAC,STOCK
TDACU,STOCK
TDACW,STOCK
TDG,STOCK
TDIC,STOCK
TDTH,STOCK
TDUP,STOCK
TDY,STOCK
TEAD,STOCK
TEAM,STOCK
TECH,STOCK
TECTP,STOCK
TECX,STOCK
TEL,STOCK
TELA,STOCK
TELO,STOCK
TEM,STOCK
TENB,STOCK
TENX,STOCK
TER,STOCK
TERN,STOCK
TFC,STOCK
TFIN,STOCK
TFINP,STOCK
TFNS,STOCK
TFSL,STOCK
TGL,STOCK
TGT,STOCK
TGTX,STOCK
TH,STOCK
THAR,STOCK
THCH,STOCK
THFF,STOCK
THRD,STOCK
THRM,STOCK
THRY,STOCK
THTX,STOCK
TIGO,STOCK
TIGR,STOCK
TIL,STOCK
TILE,STOCK
TIPT,STOCK
TIRX,STOCK
TITN,STOCK
TIVC,STOCK
TJX,STOCK
TKLF,STOCK
TKNO,STOCK
TKO,STOCK
TLF,STOCK
TLIH,STOCK
TLN,STOCK
TLPH,STOCK
TLRY,STOCK
TLS,STOCK
TLSA,STOCK
TLSI,STOCK
TLSIW,STOCK
TLX,STOCK
TMC,STOCK
TMCI,STOCK
TMCWW,STOCK
TMDX,STOCK
TMED,STOCK
TMO,STOCK
TMUS,STOCK
TNDM,STOCK
TNFA,STOCK
TNGX,STOCK
TNMG,STOCK
TNON,STOCK
TNONW,STOCK
TNXP,STOCK
TNYA,STOCK
TOI,STOCK
TOIIW,STOCK
TOMZ,STOCK
TOP,STOCK
TORO,STOCK
TOUR,STOCK
TOWN,STOCK
TOYO,STOCK
TPCS,STOCK
TPG,STOCK
TPGXL,STOCK
TPIC,STOCK
TPL,STOCK
TPR,STOCK
TPST,STOCK
TRAW,STOCK
TRDA,STOCK
TREE,STOCK
TRGP,STOCK
TRI,STOCK
TRIB,STOCK
TRIN,STOCK
TRINI,STOCK
TRINZ,STOCK
TRIP,STOCK
TRMB,STOCK
TRMD,STOCK
TRMK,STOCK
TRML,STOCK
TRNR,STOCK
TRNS,STOCK
TRON,STOCK
TROO,STOCK
TROW,STOCK
TRS,STOCK
TRSG,STOCK
TRST,STOCK
TRUE,STOCK
TRUG,STOCK
TRUP,STOCK
TRV,STOCK
TRVG,STOCK
TRVI,STOCK
TSAT,STOCK
TSBK,STOCK
TSBX,STOCK
TSCO,STOCK
TSEM,STOCK
TSHA,STOCK
TSLA,STOCK
TSN,STOCK
TSSI,STOCK
TT,STOCK
TTAN,STOCK
TTD,STOCK
TTEC,STOCK
TTEK,STOCK
TTGT,STOCK
TTMI,STOCK
TTNP,STOCK
TTSH,STOCK
TTWO,STOCK
TURB,STOCK
TURF,STOCK
TURN,STOCK
TUSK,STOCK
TVA,STOCK
TVACU,STOCK
TVACW,STOCK
TVAI,STOCK
TVAIR,STOCK
TVAIU,STOCK
TVGN,STOCK
TVGNW,STOCK
TVRD,STOCK
TVTX,STOCK
TW,STOCK
TWFG,STOCK
TWG,STOCK
TWIN,STOCK
TWNP,STOCK
TWST,STOCK
TXG,STOCK
TXMD,STOCK
TXN,STOCK
TXRH,STOCK
TXT,STOCK
TYGO,STOCK
TYL,STOCK
TYRA,STOCK
TZOO,STOCK
TZUP,STOCK
UAL,STOCK
UBCP,STOCK
UBER,STOCK
UBFO,STOCK
UBSI,STOCK
UBXG,STOCK
UCAR,STOCK
UCL,STOCK
UCTT,STOCK
UDMY,STOCK
UDR,STOCK
UEIC,STOCK
UFCS,STOCK
UFG,STOCK
UFPI,STOCK
UFPT,STOCK
UG,STOCK
UGRO,STOCK
UHG,STOCK
UHGWW,STOCK
UHS,STOCK
UK,STOCK
UKOMW,STOCK
ULBI,STOCK
ULCC,STOCK
ULH,STOCK
ULTA,STOCK
ULY,STOCK
UMBF,STOCK
UMBFO,STOCK
UNB,STOCK
UNCY,STOCK
UNH,STOCK
UNHG,STOCK
UNIT,STOCK
UNP,STOCK
UNTY,STOCK
UOKA,STOCK
UONE,STOCK
UONEK,STOCK
UPB,STOCK
UPBD,STOCK
UPC,STOCK
UPLD,STOCK
UPS,STOCK
UPST,STOCK
UPWK,STOCK
UPXI,STOCK
URBN,STOCK
URGN,STOCK
URI,STOCK
UROY,STOCK
USAR,STOCK
USARW,STOCK
USAU,STOCK
USB,STOCK
USCB,STOCK
USEA,STOCK
USEG,STOCK
USGO,STOCK
USGOW,STOCK
USIO,STOCK
USLM,STOCK
UTHR,STOCK
UTMD,STOCK
UTSI,STOCK
UVSP,STOCK
UXIN,STOCK
UYSC,STOCK
UYSCR,STOCK
UYSCU,STOCK
V,STOCK
VABK,STOCK
VACH,STOCK
VACHU,STOCK
VACHW,STOCK
VALN,STOCK
VALU,STOCK
VANI,STOCK
VAPE,STOCK
VAPEW,STOCK
VBIX,STOCK
VBNK,STOCK
VBTX,STOCK
VC,STOCK
VCEL,STOCK
VCIC,STOCK
VCICU,STOCK
VCICW,STOCK
VCIG,STOCK
VCTR,STOCK
VCYT,STOCK
VECO,STOCK
VEEA,STOCK
VEEAW,STOCK
VEEE,STOCK
VEON,STOCK
VERA,STOCK
VERB,STOCK
VERI,STOCK
VERO,STOCK
VERU,STOCK
VERV,STOCK
VERX,STOCK
VFF,STOCK
VFS,STOCK
VFSWW,STOCK
VGAS,STOCK
VGASW,STOCK
VIASP,STOCK
VIAV,STOCK
VICI,STOCK
VICR,STOCK
VIGL,STOCK
VINP,STOCK
VIOT,STOCK
VIR,STOCK
VIRC,STOCK
VITL,STOCK
VIVK,STOCK
VIVS,STOCK
VKTX,STOCK
VLCN,STOCK
VLGEA,STOCK
VLO,STOCK
VLTO,STOCK
VLY,STOCK
VLYPN,STOCK
VLYPO,STOCK
VLYPP,STOCK
VMAR,STOCK
VMC,STOCK
VMD,STOCK
VMEO,STOCK
VNDA,STOCK
VNET,STOCK
VNMEU,STOCK
VNOM,STOCK
VOD,STOCK
VOR,STOCK
VOXR,STOCK
VRA,STOCK
VRAR,STOCK
VRAX,STOCK
VRCA,STOCK
VRDN,STOCK
VREX,STOCK
VRM,STOCK
VRME,STOCK
VRNA,STOCK
VRNS,STOCK
VRNT,STOCK
VRRM,STOCK
VRSK,STOCK
VRSN,STOCK
VRTX,STOCK
VS,STOCK
VSA,STOCK
VSAT,STOCK
VSEC,STOCK
VSEE,STOCK
VSEEW,STOCK
VSME,STOCK
VSSYW,STOCK
VST,STOCK
VSTA,STOCK
VSTL,STOCK
VSTM,STOCK
VTGN,STOCK
VTR,STOCK
VTRS,STOCK
VTSI,STOCK
VTVT,STOCK
VTYX,STOCK
VUZI,STOCK
VVOS,STOCK
VVPR,STOCK
VWAV,STOCK
VWAVW,STOCK
VYGR,STOCK
VYNE,STOCK
VZ,STOCK
WAB,STOCK
WABC,STOCK
WAFD,STOCK
WAFDP,STOCK
WAFU,STOCK
WAI,STOCK
WALD,STOCK
WALDW,STOCK
WASH,STOCK
WAT,STOCK
WATT,STOCK
WAVE,STOCK
WAY,STOCK
WB,STOCK
WBA,STOCK
WBD,STOCK
WBTN,STOCK
WBUY,STOCK
WCT,STOCK
WDAY,STOCK
WDC,STOCK
WDFC,STOCK
WEC,STOCK
WELL,STOCK
WEN,STOCK
WENN,STOCK
WENNU,STOCK
WENNW,STOCK
WERN,STOCK
WEST,STOCK
WETH,STOCK
WETO,STOCK
WEYS,STOCK
WFC,STOCK
WFCF,STOCK
WFF,STOCK
WFRD,STOCK
WGRX,STOCK
WGS,STOCK
WGSWW,STOCK
WHF,STOCK
WHFCL,STOCK
WHLR,STOCK
WHLRD,STOCK
WHLRL,STOCK
WHLRP,STOCK
WHWK,STOCK
WILC,STOCK
WIMI,STOCK
WINA,STOCK
WING,STOCK
WINT,STOCK
WIX,STOCK
WKEY,STOCK
WKHS,STOCK
WKSP,STOCK
WLAC,STOCK
WLACU,STOCK
WLACW,STOCK
WLDN,STOCK
WLDS,STOCK
WLDSW,STOCK
WLFC,STOCK
WLGS,STOCK
WM,STOCK
WMB,STOCK
WMG,STOCK
WMT,STOCK
WNEB,STOCK
WNW,STOCK
WOK,STOCK
WOOF,STOCK
WORX,STOCK
WPRT,STOCK
WRAP,STOCK
WRB,STOCK
WRD,STOCK
WRLD,STOCK
WSBC,STOCK
WSBCP,STOCK
WSBF,STOCK
WSBK,STOCK
WSC,STOCK
WSFS,STOCK
WSM,STOCK
WST,STOCK
WTBA,STOCK
WTF,STOCK
WTFC,STOCK
WTFCN,STOCK
WTG,STOCK
WTGUR,STOCK
WTGUU,STOCK
WTIP,STOCK
WTO,STOCK
WTW,STOCK
WULF,STOCK
WVE,STOCK
WVVI,STOCK
WVVIP,STOCK
WW,STOCK
WWD,STOCK
WXM,STOCK
WY,STOCK
WYHG,STOCK
WYNN,STOCK
XAGE,STOCK
XAGEW,STOCK
XAIR,STOCK
XBIO,STOCK
XBIT,STOCK
XBP,STOCK
XBPEW,STOCK
XCH,STOCK
XCUR,STOCK
XEL,STOCK
XELB,STOCK
XENE,STOCK
XERS,STOCK
XFOR,STOCK
XGN,STOCK
XHG,STOCK
XHLD,STOCK
XLO,STOCK
XMTR,STOCK
XNCR,STOCK
XNET,STOCK
XOM,STOCK
XOMA,STOCK
XOMAO,STOCK
XOMAP,STOCK
XOS,STOCK
XOSWW,STOCK
XP,STOCK
XPEL,STOCK
XPON,STOCK
XRAY,STOCK
XRTX,STOCK
XRX,STOCK
XTIA,STOCK
XTKG,STOCK
XTLB,STOCK
XWEL,STOCK
XXII,STOCK
XYL,STOCK
XYLO,STOCK
XYZ,STOCK
YAAS,STOCK
YB,STOCK
YGMZ,STOCK
YHC,STOCK
YHGJ,STOCK
YHNA,STOCK
YHNAR,STOCK
YHNAU,STOCK
YI,STOCK
YIBO,STOCK
YJ,STOCK
YMAB,STOCK
YNOT,STOCK
YORK,STOCK
YORKU,STOCK
YORKW,STOCK
YORW,STOCK
YOSH,STOCK
YOUL,STOCK
YQ,STOCK
YSXT,STOCK
YTRA,STOCK
YUM,STOCK
YXT,STOCK
YYAI,STOCK
YYGH,STOCK
Z,STOCK
ZAZZT,STOCK
ZBAI,STOCK
ZBAO,STOCK
ZBH,STOCK
ZBIO,STOCK
ZBRA,STOCK
ZCMD,STOCK
ZD,STOCK
ZDAI,STOCK
ZENA,STOCK
ZENV,STOCK
ZEO,STOCK
ZEOWW,STOCK
ZEUS,STOCK
ZG,STOCK
ZIMV,STOCK
ZION,STOCK
ZIONP,STOCK
ZJK,STOCK
ZJYL,STOCK
ZJZZT,STOCK
ZKIN,STOCK
ZLAB,STOCK
ZM,STOCK
ZNTL,STOCK
ZOOZ,STOCK
ZOOZW,STOCK
ZS,STOCK
ZSPC,STOCK
ZTEK,STOCK
ZTS,STOCK
ZUMZ,STOCK
ZURA,STOCK
ZVRA,STOCK
ZVZZT,STOCK
ZWZZT,STOCK
ZXZZT,STOCK
ZYBT,STOCK
ZYME,STOCK
ZYXI,STOCK
AADR,ETF
AAPB,ETF
AAPD,ETF
AAPU,ETF
AAVM,ETF
AAXJ,ETF
ABCS,ETF
ABI,ETF
ABIG,ETF
ACWI,ETF
ACWX,ETF
ADBG,ETF
AFSC,ETF
AGEM,ETF
AGGA,ETF
AGIX,ETF
AGMI,ETF
AGNG,ETF
AGZD,ETF
AIA,ETF
AIFD,ETF
AIPI,ETF
AIQ,ETF
AIRL,ETF
AIRR,ETF
ALIL,ETF
ALLW,ETF
ALTY,ETF
AMDD,ETF
AMDG,ETF
AMDL,ETF
AMID,ETF
AMZD,ETF
AMZU,ETF
AMZZ,ETF
ANGL,ETF
AOHY,ETF
AOTG,ETF
APED,ETF
AQWA,ETF
ARVR,ETF
ASET,ETF
ASMG,ETF
AUMI,ETF
AVGB,ETF
AVGG,ETF
AVGX,ETF
AVS,ETF
AVUQ,ETF
AVXC,ETF
BABX,ETF
BAFE,ETF
BASV,ETF
BBH,ETF
BCLO,ETF
BDGS,ETF
BEEX,ETF
BEEZ,ETF
BELT,ETF
BGRN,ETF
BGRO,ETF
BIB,ETF
BIS,ETF
BITS,ETF
BJK,ETF
BKCH,ETF
BKIV,ETF
BKWO,ETF
BLCN,ETF
BLCR,ETF
BMAX,ETF
BMDL,ETF
BND,ETF
BNDW,ETF
BNDX,ETF
BOED,ETF
BOEU,ETF
BOTT,ETF
BOTZ,ETF
BRHY,ETF
BRKD,ETF
BRNY,ETF
BRRR,ETF
BRTR,ETF
BSCP,ETF
BSCQ,ETF
BSCR,ETF
BSCS,ETF
BSCT,ETF
BSCU,ETF
BSCV,ETF
BSCW,ETF
BSCX,ETF
BSCY,ETF
BSJP,ETF
BSJQ,ETF
BSJR,ETF
BSJS,ETF
BSJT,ETF
BSJU,ETF
BSJV,ETF
BSJW,ETF
BSJX,ETF
BSMP,ETF
BSMQ,ETF
BSMR,ETF
BSMS,ETF
BSMT,ETF
BSMU,ETF
BSMV,ETF
BSMW,ETF
BSMY,ETF
BSSX,ETF
BSVO,ETF
BTF,ETF
BTFX,ETF
BTGD,ETF
BUFC,ETF
BUFI,ETF
BUFM,ETF
BUG,ETF
BULD,ETF
CA,ETF
CAFG,ETF
CALI,ETF
CANC,ETF
CANQ,ETF
CARY,ETF
CARZ,ETF
CATH,ETF
CCNR,ETF
CCSB,ETF
CCSO,ETF
CDC,ETF
CDL,ETF
CEFA,ETF
CEPI,ETF
CFA,ETF
CFO,ETF
CHGX,ETF
CHPS,ETF
CIBR,ETF
CIL,ETF
CLOA,ETF
CLOD,ETF
CLOU,ETF
CLSM,ETF
COIG,ETF
COMT,ETF
CONL,ETF
COPJ,ETF
COPP,ETF
CORO,ETF
COWG,ETF
COWS,ETF
CPLS,ETF
CRMG,ETF
CRWL,ETF
CSB,ETF
CSCS,ETF
CTEC,ETF
CVNX,ETF
CXSE,ETF
CZAR,ETF
DALI,ETF
DAPP,ETF
DAX,ETF
DDIV,ETF
DECO,ETF
DEMZ,ETF
DFGP,ETF
DFGX,ETF
DGCB,ETF
DGRE,ETF
DGRS,ETF
DGRW,ETF
DIVD,ETF
DLLL,ETF
DMAT,ETF
DMXF,ETF
DRIV,ETF
DTCR,ETF
DUKH,ETF
DUKX,ETF
DVAL,ETF
DVLU,ETF
DVOL,ETF
DVQQ,ETF
DVSP,ETF
DVY,ETF
DWAS,ETF
DWAW,ETF
DWSH,ETF
DWUS,ETF
DYFI,ETF
DYTA,ETF
EBI,ETF
EBIZ,ETF
ECOW,ETF
EEMA,ETF
EFAS,ETF
EFRA,ETF
EGGQ,ETF
EHLS,ETF
EKG,ETF
ELFY,ETF
ELIL,ETF
ELIS,ETF
EMB,ETF
EMCB,ETF
EMEQ,ETF
EMIF,ETF
EMXC,ETF
EMXF,ETF
ENDW,ETF
ENZL,ETF
EQRR,ETF
ERET,ETF
ERNZ,ETF
ESGD,ETF
ESGE,ETF
ESGU,ETF
ESMV,ETF
ESN,ETF
ESPO,ETF
ETEC,ETF
ETHA,ETF
EUFN,ETF
EVMT,ETF
EVSD,ETF
EVYM,ETF
EWJV,ETF
EWZS,ETF
EYEG,ETF
FAAR,ETF
FAB,ETF
FAD,ETF
FALN,ETF
FBL,ETF
FBOT,ETF
FCA,ETF
FCAL,ETF
FCEF,ETF
FCTE,ETF
FCVT,ETF
FDCF,ETF
FDFF,ETF
FDIF,ETF
FDIG,ETF
FDIV,ETF
FDNI,ETF
FDT,ETF
FDTS,ETF
FDTX,ETF
FEAT,ETF
FEM,ETF
FEMB,ETF
FEMS,ETF
FEP,ETF
FEPI,ETF
FEUZ,ETF
FEX,ETF
FFUT,ETF
FGM,ETF
FGSI,ETF
FICS,ETF
FID,ETF
FINE,ETF
FINX,ETF
FIVY,ETF
FIXD,ETF
FJP,ETF
FKU,ETF
FLDB,ETF
FLN,ETF
FMB,ETF
FMED,ETF
FMET,ETF
FMHI,ETF
FMTM,ETF
FMUB,ETF
FMUN,ETF
FNK,ETF
FNX,ETF
FNY,ETF
FPA,ETF
FPXE,ETF
FPXI,ETF
FSCS,ETF
FSGS,ETF
FSZ,ETF
FTA,ETF
FTAG,ETF
FTC,ETF
FTCS,ETF
FTDS,ETF
FTGC,ETF
FTGS,ETF
FTHI,ETF
FTQI,ETF
FTRI,ETF
FTSL,ETF
FTSM,ETF
FTXG,ETF
FTXH,ETF
FTXL,ETF
FTXN,ETF
FTXO,ETF
FTXR,ETF
FV,ETF
FVC,ETF
FYC,ETF
FYT,ETF
FYX,ETF
GBUG,ETF
GEME,ETF
GFGF,ETF
GFLW,ETF
GGLL,ETF
GGLS,ETF
GIND,ETF
GINX,ETF
GLCR,ETF
GLDI,ETF
GLDY,ETF
GLOW,ETF
GNMA,ETF
GNOM,ETF
GOVI,ETF
GPIQ,ETF
GPIX,ETF
GPRF,ETF
GQQQ,ETF
GRID,ETF
GRW,ETF
GSIB,ETF
GTR,ETF
GXDW,ETF
HCOW,ETF
HEAL,ETF
HECO,ETF
HEJD,ETF
HEQQ,ETF
HERD,ETF
HERO,ETF
HFSP,ETF
HIDE,ETF
HIMZ,ETF
HISF,ETF
HLAL,ETF
HNDL,ETF
HOOG,ETF
HOOX,ETF
HQGO,ETF
HRTS,ETF
HWAY,ETF
HWSM,ETF
HYBI,ETF
HYDR,ETF
HYLS,ETF
HYXF,ETF
HYZD,ETF
IBAT,ETF
IBB,ETF
IBBQ,ETF
IBGA,ETF
IBGB,ETF
IBGK,ETF
IBGL,ETF
IBIT,ETF
IBOT,ETF
IBTF,ETF
IBTG,ETF
IBTH,ETF
IBTI,ETF
IBTJ,ETF
IBTK,ETF
IBTL,ETF
IBTM,ETF
IBTO,ETF
IBTP,ETF
IBTQ,ETF
ICLN,ETF
ICOP,ETF
IDEF,ETF
IEF,ETF
IEI,ETF
IEUS,ETF
IFGL,ETF
IFV,ETF
IGF,ETF
IGIB,ETF
IGOV,ETF
IGSB,ETF
IHYF,ETF
IJT,ETF
ILIT,ETF
IMCV,ETF
IMOM,ETF
INDH,ETF
INDY,ETF
INFR,ETF
INRO,ETF
INTW,ETF
IONL,ETF
IONX,ETF
IONZ,ETF
IPKW,ETF
IQQQ,ETF
ISHG,ETF
ISHP,ETF
ISTB,ETF
IUS,ETF
IUSB,ETF
IUSG,ETF
IUSV,ETF
IVAL,ETF
IVEG,ETF
IWTR,ETF
IXUS,ETF
JAPN,ETF
JDOC,ETF
JEPQ,ETF
JGLO,ETF
JIVE,ETF
JMID,ETF
JPEF,ETF
JPY,ETF
JSMD,ETF
JSML,ETF
JTEK,ETF
KBAB,ETF
KBWB,ETF
KBWD,ETF
KBWP,ETF
KBWR,ETF
KBWY,ETF
KEAT,ETF
KNGZ,ETF
KOID,ETF
KPDD,ETF
KQQQ,ETF
KRMA,ETF
KROP,ETF
LAYS,ETF
LCDL,ETF
LCDS,ETF
LDEM,ETF
LDRX,ETF
LDSF,ETF
LEGR,ETF
LEXI,ETF
LFSC,ETF
LGCF,ETF
LGRO,ETF
LITP,ETF
LIVR,ETF
LMBS,ETF
LOGO,ETF
LRGE,ETF
LRND,ETF
LVHD,ETF
MAXI,ETF
MBB,ETF
MBS,ETF
MCDS,ETF
MCHI,ETF
MCHS,ETF
MCSE,ETF
MDIV,ETF
MEDX,ETF
MEMS,ETF
METD,ETF
METU,ETF
MFLX,ETF
MILN,ETF
MKAM,ETF
MNTL,ETF
MODL,ETF
MOOD,ETF
MQQQ,ETF
MRAL,ETF
MSFD,ETF
MSFL,ETF
MSFU,ETF
MST,ETF
MSTX,ETF
MUD,ETF
MULL,ETF
MUU,ETF
MVLL,ETF
MYCF,ETF
MYCG,ETF
MYCH,ETF
MYCI,ETF
MYCJ,ETF
MYCK,ETF
MYCL,ETF
MYCM,ETF
MYCN,ETF
MYMF,ETF
MYMG,ETF
MYMH,ETF
MYMI,ETF
MYMJ,ETF
NATO,ETF
NCIQ,ETF
NCPB,ETF
NDAA,ETF
NERD,ETF
NEWZ,ETF
NFTY,ETF
NFXL,ETF
NFXS,ETF
NIKL,ETF
NIXT,ETF
NPFI,ETF
NRES,ETF
NSCR,ETF
NSI,ETF
NUSB,ETF
NVD,ETF
NVDD,ETF
NVDG,ETF
NVDL,ETF
NVDS,ETF
NVDU,ETF
NVYY,ETF
NXTG,ETF
NZAC,ETF
NZUS,ETF
OBIL,ETF
ODDS,ETF
ONEQ,ETF
OOQB,ETF
OOSB,ETF
OPTZ,ETF
ORCX,ETF
ORR,ETF
OZEM,ETF
PABD,ETF
PABU,ETF
PALD,ETF
PALU,ETF
PANG,ETF
PATN,ETF
PBQQ,ETF
PCMM,ETF
PDBA,ETF
PDBC,ETF
PDP,ETF
PEPS,ETF
PEY,ETF
PEZ,ETF
PFF,ETF
PFI,ETF
PFM,ETF
PGJ,ETF
PHO,ETF
PID,ETF
PIE,ETF
PIO,ETF
PIZ,ETF
PKW,ETF
PLTD,ETF
PLTG,ETF
PLTU,ETF
PLTZ,ETF
PMBS,ETF
PNQI,ETF
PPH,ETF
PPI,ETF
PQAP,ETF
PQJA,ETF
PQJL,ETF
PQOC,ETF
PRFZ,ETF
PRN,ETF
PSC,ETF
PSCC,ETF
PSCD,ETF
PSCE,ETF
PSCF,ETF
PSCH,ETF
PSCI,ETF
PSCM,ETF
PSCT,ETF
PSCU,ETF
PSET,ETF
PSL,ETF
PSTR,ETF
PSWD,ETF
PTEC,ETF
PTF,ETF
PTH,ETF
PTIR,ETF
PTNQ,ETF
PUI,ETF
PWRD,ETF
PXI,ETF
PY,ETF
PYPG,ETF
PYZ,ETF
QABA,ETF
QAT,ETF
QBIG,ETF
QBUF,ETF
QCLN,ETF
QCLR,ETF
QCMD,ETF
QCML,ETF
QDTY,ETF
QHDG,ETF
QMID,ETF
QMOM,ETF
QNXT,ETF
QOWZ,ETF
QQA,ETF
QQEW,ETF
QQHG,ETF
QQJG,ETF
QQLV,ETF
QQMG,ETF
QQQ,ETF
QQQA,ETF
QQQE,ETF
QQQG,ETF
QQQH,ETF
QQQI,ETF
QQQJ,ETF
QQQM,ETF
QQQP,ETF
QQQS,ETF
QQQT,ETF
QQQY,ETF
QQWZ,ETF
QQXT,ETF
QRMI,ETF
QSIX,ETF
QSML,ETF
QTEC,ETF
QTOP,ETF
QTR,ETF
QTUM,ETF
QVAL,ETF
QXQ,ETF
QYLD,ETF
QYLG,ETF
RAA,ETF
RAYS,ETF
RBIL,ETF
RCGE,ETF
RDTL,ETF
RDTY,ETF
RDVY,ETF
REAI,ETF
REIT,ETF
REMG,ETF
RFDI,ETF
RFEM,ETF
RFEU,ETF
RGLO,ETF
RGTX,ETF
RIFR,ETF
RING,ETF
RINT,ETF
RKLX,ETF
RNEM,ETF
RNIN,ETF
RNRG,ETF
ROBT,ETF
ROE,ETF
RTH,ETF
RTXG,ETF
RUNN,ETF
RUSC,ETF
SARK,ETF
SCDS,ETF
SCZ,ETF
SDG,ETF
SDSI,ETF
SDTY,ETF
SDVY,ETF
SEEM,ETF
SEIE,ETF
SEIS,ETF
SETM,ETF
SFLO,ETF
SHRY,ETF
SHV,ETF
SHY,ETF
SIXG,ETF
SJCP,ETF
SJLD,ETF
SKOR,ETF
SKRE,ETF
SKYU,ETF
SKYY,ETF
SLQD,ETF
SLVO,ETF
SLVR,ETF
SMCF,ETF
SMCL,ETF
SMCO,ETF
SMCX,ETF
SMCZ,ETF
SMH,ETF
SMHX,ETF
SMRI,ETF
SMST,ETF
SNSR,ETF
SOCL,ETF
SOFX,ETF
SOLT,ETF
SOLZ,ETF
SOUX,ETF
SOXQ,ETF
SOXX,ETF
SPAM,ETF
SPAQ,ETF
SPBC,ETF
SPC,ETF
SPCX,ETF
SPCY,ETF
SPRX,ETF
SPYQ,ETF
SQLV,ETF
SQQQ,ETF
SRET,ETF
STNC,ETF
SUPP,ETF
SUSB,ETF
SUSC,ETF
SUSL,ETF
SWP,ETF
TARK,ETF
TAX,ETF
TAXE,ETF
TBIL,ETF
TCHI,ETF
TDI,ETF
TDIV,ETF
TDSB,ETF
TDSC,ETF
TEKX,ETF
TEKY,ETF
TEXN,ETF
THMZ,ETF
TLT,ETF
TMB,ETF
TMET,ETF
TPLS,ETF
TQQQ,ETF
TQQY,ETF
TSDD,ETF
TSEL,ETF
TSL,ETF
TSLG,ETF
TSLL,ETF
TSLQ,ETF
TSLR,ETF
TSLS,ETF
TSMG,ETF
TSMU,ETF
TSMX,ETF
TSMZ,ETF
TSPY,ETF
TSYY,ETF
TTEQ,ETF
TUG,ETF
TUGN,ETF
TUR,ETF
TXSS,ETF
TXUE,ETF
TXUG,ETF
UAE,ETF
UBND,ETF
UBRL,ETF
UCRD,ETF
UCYB,ETF
UEVM,ETF
UFIV,ETF
UFO,ETF
UITB,ETF
UIVM,ETF
ULVM,ETF
UMMA,ETF
UNIY,ETF
UPGR,ETF
URNJ,ETF
USAF,ETF
USCL,ETF
USDX,ETF
USFI,ETF
USIG,ETF
USIN,ETF
USMC,ETF
USOI,ETF
USOY,ETF
USRD,ETF
USSH,ETF
USTB,ETF
USVM,ETF
USVN,ETF
USXF,ETF
UTEN,ETF
UTHY,ETF
UTRE,ETF
UTWO,ETF
UTWY,ETF
UYLD,ETF
VBIL,ETF
VCIT,ETF
VCLT,ETF
VCRB,ETF
VCSH,ETF
VFLO,ETF
VGIT,ETF
VGLT,ETF
VGSH,ETF
VGSR,ETF
VGUS,ETF
VIGI,ETF
VMBS,ETF
VNQI,ETF
VOLT,ETF
VONE,ETF
VONG,ETF
VONV,ETF
VOTE,ETF
VPLS,ETF
VRIG,ETF
VRTL,ETF
VSDA,ETF
VSMV,ETF
VTC,ETF
VTHR,ETF
VTIP,ETF
VTWG,ETF
VTWO,ETF
VTWV,ETF
VWOB,ETF
VXUS,ETF
VYMI,ETF
WABF,ETF
WBND,ETF
WCBR,ETF
WCLD,ETF
WEEI,ETF
WGMI,ETF
WINC,ETF
WISE,ETF
WNDY,ETF
WOOD,ETF
WRND,ETF
WSML,ETF
WTBN,ETF
WTMU,ETF
WTMY,ETF
XAIX,ETF
XBIL,ETF
XBTY,ETF
XCNY,ETF
XFIX,ETF
XMAG,ETF
XOMX,ETF
XOMZ,ETF
XOVR,ETF
XRPI,ETF
XRPT,ETF
XT,ETF
XYZG,ETF
YLDE,ETF
YOKE,ETF
YQQQ,ETF
YSPY,ETF
ZAP,ETF
ZIPP,ETF
ZTEN,ETF
ZTOP,ETF
ZTRE,ETF
ZTWO,ETF
ZZZ,ETF
ZBZZT,UNKNOWN
ZCZZT,UNKNOWN
ZXYZ.A,UNKNOWN
